--
-- PostgreSQL database dump
--

\restrict WdVoKrdl2pQ0ept4Y4aZrdP9c6u3SXjrFXKgiPlgMgzIyXXAjDzE1wJvuu71Z6A

-- Dumped from database version 18.1
-- Dumped by pg_dump version 18.1

SET statement_timeout = 0;
SET lock_timeout = 0;
SET idle_in_transaction_session_timeout = 0;
SET transaction_timeout = 0;
SET client_encoding = 'UTF8';
SET standard_conforming_strings = on;
SELECT pg_catalog.set_config('search_path', '', false);
SET check_function_bodies = false;
SET xmloption = content;
SET client_min_messages = warning;
SET row_security = off;

--
-- Data for Name: api_product; Type: TABLE DATA; Schema: public; Owner: postgres
--

COPY public.api_product (id, name, product_id, unit, image) FROM stdin;
1	bananas	0000000094011	1 lb	product/1_hE7ZRSQ.png
10	kiwi	0000000004030	1 ct	product/10_U1Fqm5r.webp
11	mangoes	0000000003488	1 ct	product/11_MYsXGLe.png
12	pineapple	0003890000469	8 oz	product/12_u2IDDfZ.png
13	watermelon	0061300872020	23 fl oz	product/13_IuCIbiW.webp
14	avocado	0000000004225	1 ct	product/14_ffjAzSQ.webp
15	tomatoes	0000000004087	1 lb	product/15_vhjw2Xk.png
16	cucumbers	0000000004062	1 ct	product/16_MDe4dXD.png
17	carrots	0001111091652	1 lb	product/17_ERYro6m.png
18	broccoli	0000000003082	1 lb	product/18_g6KFuQX.png
19	cauliflower	0000000004079	1 ct	product/19_j87N1Kg.png
2	granny smith apples	0000000094017	1 lb	product/2_jx8zFQV.png
20	kale	0001111091727	5 oz	product/20_DH41UIT.webp
21	lettuce	0001111091036	12 oz	product/21_vLnuOTL.png
22	sweet onions	0000000004166	1 ct	product/22_e2SIgDO.png
23	garlic	0000000004608	1 ct	product/23_6IY6Q0k.png
24	russett potatoes	0000000004072	1 lb	product/24_lWy9LjG.png
25	gold potatoes	0001111014900	24 oz	product/25_LuPzjg6.png
26	corn	0001111084961	12 oz	product/26_5HAePgY.png
27	green beans	0001111089730	12 oz	product/27_VcgiDQk.png
28	peas	0001111089736	12 oz	product/28_AYd0aTP.png
29	zucchini	0000000004067	1 lb	product/29_3gFPTkO.png
3	white grapes	0004180071500	750 ml	product/3_IAcEz1y.png
30	eggplant	0000000003089	1 lb	product/30_G7by1cn.png
31	bell peppers	0000000003121	1 ct	product/31_qepvheB.png
32	cabbage	0000000004552	1 lb	product/32_peUTw6W.png
33	asparagus	0000000004080	1 lb	product/33_UrL9apN.png
34	red delicious apples			product/34_k7CGJHC.png
35	cantaloupe			product/35_m8bNs94.webp
36	honeydew			product/36_31Tc8WQ.png
37	spinach			product/37_GCfnqEc.png
38	yellow onions			product/38_0SdmAwf.png
39	red potatoes			product/39_hYDh4Xn.png
4	red grapes	0000000004023	1 lb	product/4_KPJ08Yg.png
40	sweet potatoes			product/40_WHEbldC.png
41	mushrooms			product/41_z8UDphf.png
5	black grapes	0000000004056	1 lb	product/5_pf18d8G.png
6	strawberries	0003338320027	1 lb	product/6_Dl2vF3W.png
7	blueberries	0001111001615	6 oz	product/7_1HbJKiP.png
8	oranges	0000000003110	each	product/8_nkqKi0v.png
9	pears	0000000004417	1 lb	product/9_dc4ladO.png
\.


--
-- Data for Name: api_store; Type: TABLE DATA; Schema: public; Owner: postgres
--

COPY public.api_store (id, store_id, name, location, latitude, longitude) FROM stdin;
2	61952108	wally world	1201 Stone St, Kilgore, TX 75662	32.3937787	-94.86535289999999
3	20166868	wally world	5050 Troup Hwy, Tyler, TX 75707	32.2980672	-95.26008910000002
4	89583152	wally world	450 S SE Loop 323, Tyler, TX 75702	32.3460068	-95.26419949999999
5	65837296	wally world	6801 S Broadway Ave, Tyler, TX 75703	32.2751396	-95.3104388
6	85640781	wally world	3820 State Hwy 64, Tyler, TX 75704	32.3512752	-95.3448418
7	82536517	wally world	1900 E SE Loop 323, Tyler, TX 75703	32.3113665	-95.27742310000001
8	40337828	wally world	2151 Frankston Hwy, Tyler, TX 75701	32.3262041	-95.31633459999999
9	63166540	wally world	105 E Centennial Blvd, Lindale, TX 75771	32.4748644	-95.38904720000001
10	87339334	wally world	5976 Old Jacksonville Hwy, Tyler, TX 75703	32.2825442	-95.3303961
11	79378261	wally world	1311 S Jackson St, Jacksonville, TX 75766	31.9517654	-95.2655054
12	97001161	wally world	135 NE Loop 564, Mineola, TX 75773	32.6896568	-95.48180459999999
13	41938050	wally world	4006 Estes Pkwy, Longview, TX 75603	32.4373712	-94.7132067
14	63207319	wally world	1102 US Hwy 271 N, Gilmer, TX 75644	32.7470527	-94.93801409999999
15	67297156	wally world	2440 Gilmer Rd, Longview, TX 75604	32.5318663	-94.7848556
16	73859765	wally world	515 E Loop 281, Longview, TX 75605	32.5412629	-94.727868
17	61036376	wally world	2121 US-79, Henderson, TX 75654	32.1323317	-94.80302470000001
18	19839824	wally world	1405 E Tyler St, Athens, TX 75751	32.2103988	-95.8329973
19	60641707	bullseye	7003 S Broadway Ave, Tyler, TX 75703	32.2729099	-95.30976040000002
20	97668101	bullseye	3092 N Eastman Rd Ste 100, Longview, TX 75605	32.5484151	-94.7244746
21	42252307	berkshires	2734 E 5th St, Tyler, TX 75701	32.3332827	-95.26480409999999
22	27276692	berkshires	2020 S Roseland Blvd, Tyler, TX 75701	32.3273368	-95.2981373
23	31913568	berkshires	100 Rice Rd, Tyler, TX 75703	32.2937296	-95.30296919999999
24	88742332	berkshires	601 TX-110, Whitehouse, TX 75791	32.2346451	-95.229033
25	85705529	berkshires	20100 Hwy 155 S, Flint, TX 75762	32.1888805	-95.4366435
26	47002426	berkshires	703 State Hwy 31 W, Chandler, TX 75758	32.310499	-95.47180019999999
27	60840028	berkshires	213 U.S. Hwy 69 N, Bullard, TX 75757	32.1458788	-95.3158052
28	55510597	berkshires	521 S Main St, Lindale, TX 75771	32.5106435	-95.4099906
29	51705754	berkshires	1477 N Beulah St, Hawkins, TX 75765	32.6073517	-95.20611699999999
30	32068551	berkshires	506 W Duval St, Troup, TX 75789	32.1435998	-95.12637559999999
31	40294692	berkshires	200 W Henderson St, Overton, TX 75684	32.2752431	-94.98001049999999
32	76504182	berkshires	1300 E Broadway Ave, Gladewater, TX 75647	32.5322104	-94.92823639999999
33	70211398	berkshires	747 US-259 BUS, Kilgore, TX 75662	32.3887341	-94.8679463
34	79222917	berkshires	706 W Main St, Van, TX 75790	32.5246072	-95.6466372
35	27394341	berkshires	1224 N Pacific St, Mineola, TX 75773	32.676035	-95.48351579999999
36	48163278	berkshires	502 E Goode St, Quitman, TX 75783	32.794505	-95.4469745
37	97183643	berkshires	807 E Tyler St, Athens, TX 75751	32.2068927	-95.84164779999999
38	19619498	berkshires	415 W Royall Blvd, Malakoff, TX 75148	32.1700379	-96.01747879999999
39	65151679	ulbi	2660 E Front St, Tyler, TX 75702	32.3483068	-95.26879459999999
40	92080533	ulbi	200 S SW Loop 323, Tyler, TX 75702	32.3510468	-95.3431246
41	22323644	ulbi	1725 W Loop 281, Longview, TX 75604	32.5271049	-94.7825089
42	99572229	great 1	3828 Troup Hwy, Tyler, TX 75703	32.308308	-95.2691555
43	13168382	great 1	1105 E Gentry Pkwy, Tyler, TX 75702	32.3611345	-95.29097639999999
44	40515085	great 1	113 N NW Loop 323, Tyler, TX 75702	32.3543629	-95.3426874
45	92160347	great 1	921 S Jackson St, Jacksonville, TX 75766	31.9554722	-95.26667870000001
46	18497616	great 1	2301 W Loop 281, Longview, TX 75604	32.5179661	-94.7922978
47	36846778	great 1	1217 E Marshall Ave, Longview, TX 75601	32.5046981	-94.7225017
48	66978514	brussels	4015 S Broadway Ave, Tyler, TX 75701	32.3061803	-95.3021644
49	15913277	brussels	2547 Judson Rd, Longview, TX 75605	32.5405578	-94.7481753
50	60982705	robertsons	3603 McCann Rd, Longview, TX 75605	32.543222	-94.75508359999999
1	01400943	Kroger	701 W Marshall Ave, Longview, TX 75601	32.31280757430598	-95.25096120357706
51	257349200	Kroger	2415 US-79, Henderson, TX 75654	32.1292376	-94.8078141
\.


--
-- Data for Name: api_pricehistory; Type: TABLE DATA; Schema: public; Owner: postgres
--

COPY public.api_pricehistory (id, price, date, product_id, store_id) FROM stdin;
1	0.69	2026-02-22 15:00:17.089602-06	1	1
2	2.79	2026-02-22 15:00:18.591162-06	2	1
3	4.79	2026-02-22 15:00:21.420098-06	3	1
4	1.79	2026-02-22 15:00:22.566075-06	4	1
5	1.79	2026-02-22 15:00:23.644519-06	5	1
6	3.49	2026-02-22 15:00:24.73472-06	6	1
7	3.99	2026-02-22 15:00:26.072204-06	7	1
8	1.25	2026-02-22 15:00:27.213566-06	8	1
9	2.49	2026-02-22 15:00:28.387651-06	9	1
10	0.67	2026-02-22 15:00:29.570099-06	10	1
11	2.50	2026-02-22 15:00:30.614174-06	11	1
12	1.59	2026-02-22 15:00:31.644046-06	12	1
13	0.99	2026-02-22 15:00:32.547458-06	13	1
14	2.00	2026-02-22 15:00:35.440182-06	14	1
15	1.19	2026-02-22 15:00:36.518004-06	15	1
16	0.69	2026-02-22 15:00:37.545-06	16	1
17	2.29	2026-02-22 15:00:38.633813-06	17	1
18	2.19	2026-02-22 15:00:39.619796-06	18	1
19	3.79	2026-02-22 15:00:40.635891-06	19	1
20	3.49	2026-02-22 15:00:42.726036-06	20	1
21	2.19	2026-02-22 15:00:43.779116-06	21	1
22	1.59	2026-02-22 15:00:45.793808-06	22	1
23	0.59	2026-02-22 15:00:46.817262-06	23	1
24	0.99	2026-02-22 15:00:47.925225-06	24	1
25	4.99	2026-02-22 15:00:48.981272-06	25	1
26	1.25	2026-02-22 15:00:51.993852-06	26	1
27	1.25	2026-02-22 15:00:53.095257-06	27	1
28	1.25	2026-02-22 15:00:54.076786-06	28	1
29	1.49	2026-02-22 15:00:55.223548-06	29	1
30	4.49	2026-02-22 15:00:56.289335-06	30	1
31	1.39	2026-02-22 15:00:57.266676-06	31	1
32	2.49	2026-02-22 15:00:59.246995-06	32	1
33	3.69	2026-02-22 15:01:00.219841-06	33	1
34	0.69	2026-02-25 13:02:27.956712-06	1	2
35	0.79	2026-02-25 13:02:50.257303-06	1	2
36	0.79	2026-02-25 13:04:05.408127-06	1	2
37	2.99	2026-02-25 13:04:05.408127-06	2	2
38	4.89	2026-02-25 13:04:05.423453-06	34	2
39	2.09	2026-02-25 13:04:05.42534-06	3	2
40	1.69	2026-02-25 13:04:05.428939-06	4	2
41	1.89	2026-02-25 13:04:05.430953-06	5	2
42	3.59	2026-02-25 13:04:05.43437-06	6	2
43	3.99	2026-02-25 13:04:05.43437-06	7	2
44	1.39	2026-02-25 13:04:05.438606-06	8	2
45	2.69	2026-02-25 13:04:05.441102-06	9	2
46	0.59	2026-02-25 13:04:05.442103-06	10	2
47	2.39	2026-02-25 13:04:05.443101-06	11	2
48	1.59	2026-02-25 13:04:05.445321-06	12	2
49	0.99	2026-02-25 13:04:05.446323-06	13	2
50	1.99	2026-02-25 13:04:05.44932-06	35	2
51	2.19	2026-02-25 13:04:05.453336-06	36	2
52	1.99	2026-02-25 13:04:05.454335-06	14	2
53	1.29	2026-02-25 13:04:05.456337-06	15	2
54	0.59	2026-02-25 13:04:05.458415-06	16	2
55	2.19	2026-02-25 13:04:05.460414-06	17	2
56	2.29	2026-02-25 13:04:05.461413-06	18	2
57	3.89	2026-02-25 13:04:05.463414-06	19	2
58	3.59	2026-02-25 13:04:05.466866-06	37	2
59	3.49	2026-02-25 13:04:05.466866-06	20	2
60	2.09	2026-02-25 13:04:05.466866-06	21	2
61	2.09	2026-02-25 13:04:05.466866-06	38	2
62	1.49	2026-02-25 13:04:05.466866-06	22	2
63	0.59	2026-02-25 13:04:05.466866-06	23	2
64	1.09	2026-02-25 13:04:05.480082-06	24	2
65	5.09	2026-02-25 13:04:05.482591-06	25	2
66	5.99	2026-02-25 13:04:05.486604-06	39	2
67	6.79	2026-02-25 13:04:05.490875-06	40	2
68	1.29	2026-02-25 13:04:05.492873-06	26	2
69	1.29	2026-02-25 13:04:05.495602-06	27	2
70	1.29	2026-02-25 13:04:05.49963-06	28	2
71	1.49	2026-02-25 13:04:05.50161-06	29	2
72	4.59	2026-02-25 13:04:05.50361-06	30	2
73	1.39	2026-02-25 13:04:05.505298-06	31	2
74	3.89	2026-02-25 13:04:05.510436-06	41	2
75	2.59	2026-02-25 13:04:05.515338-06	32	2
76	3.69	2026-02-25 13:04:05.517337-06	33	2
77	0.79	2026-02-25 13:04:05.521337-06	1	3
78	2.79	2026-02-25 13:04:05.524337-06	2	3
79	4.89	2026-02-25 13:04:05.526338-06	34	3
80	1.79	2026-02-25 13:04:05.542436-06	3	3
81	1.79	2026-02-25 13:04:05.546653-06	4	3
82	1.89	2026-02-25 13:04:05.550652-06	5	3
83	3.39	2026-02-25 13:04:05.554652-06	6	3
84	4.09	2026-02-25 13:04:05.55702-06	7	3
85	1.19	2026-02-25 13:04:05.560068-06	8	3
86	2.39	2026-02-25 13:04:05.562478-06	9	3
87	0.79	2026-02-25 13:04:05.564522-06	10	3
88	2.49	2026-02-25 13:04:05.567529-06	11	3
89	1.59	2026-02-25 13:04:05.570529-06	12	3
90	1.09	2026-02-25 13:04:05.573531-06	13	3
91	2.19	2026-02-25 13:04:05.577529-06	35	3
92	1.99	2026-02-25 13:04:05.580957-06	36	3
93	1.89	2026-02-25 13:04:05.583126-06	14	3
94	1.19	2026-02-25 13:04:05.586241-06	15	3
95	0.79	2026-02-25 13:04:05.587251-06	16	3
96	2.59	2026-02-25 13:04:05.589926-06	17	3
97	2.29	2026-02-25 13:04:05.589926-06	18	3
98	3.79	2026-02-25 13:04:05.596792-06	19	3
99	3.49	2026-02-25 13:04:05.598695-06	37	3
100	3.59	2026-02-25 13:04:05.601259-06	20	3
101	2.29	2026-02-25 13:04:05.601259-06	21	3
102	2.19	2026-02-25 13:04:05.601259-06	38	3
103	1.69	2026-02-25 13:04:05.601259-06	22	3
104	0.89	2026-02-25 13:04:05.609918-06	23	3
105	1.09	2026-02-25 13:04:05.610927-06	24	3
106	4.99	2026-02-25 13:04:05.612698-06	25	3
107	5.79	2026-02-25 13:04:05.612698-06	39	3
108	7.09	2026-02-25 13:04:05.616318-06	40	3
109	1.39	2026-02-25 13:04:05.617824-06	26	3
110	1.39	2026-02-25 13:04:05.618837-06	27	3
111	1.19	2026-02-25 13:04:05.619835-06	28	3
112	1.59	2026-02-25 13:04:05.620836-06	29	3
113	4.69	2026-02-25 13:04:05.621835-06	30	3
114	1.29	2026-02-25 13:04:05.62324-06	31	3
115	3.99	2026-02-25 13:04:05.624533-06	41	3
116	2.49	2026-02-25 13:04:05.62551-06	32	3
117	3.69	2026-02-25 13:04:05.62652-06	33	3
118	0.69	2026-02-25 13:04:05.628947-06	1	4
119	2.69	2026-02-25 13:04:05.629281-06	2	4
120	4.99	2026-02-25 13:04:05.633029-06	34	4
121	1.89	2026-02-25 13:04:05.634032-06	3	4
122	1.89	2026-02-25 13:04:05.637029-06	4	4
123	1.69	2026-02-25 13:04:05.637029-06	5	4
124	3.59	2026-02-25 13:04:05.640138-06	6	4
125	3.99	2026-02-25 13:04:05.641138-06	7	4
126	1.29	2026-02-25 13:04:05.641624-06	8	4
127	2.39	2026-02-25 13:04:05.642654-06	9	4
128	0.79	2026-02-25 13:04:05.64463-06	10	4
129	2.49	2026-02-25 13:04:05.647619-06	11	4
130	1.59	2026-02-25 13:04:05.64972-06	12	4
131	0.69	2026-02-25 13:04:05.650699-06	13	4
132	2.09	2026-02-25 13:04:05.652869-06	35	4
133	1.79	2026-02-25 13:04:05.653867-06	36	4
134	1.99	2026-02-25 13:04:05.654867-06	14	4
135	1.19	2026-02-25 13:04:05.655867-06	15	4
136	0.79	2026-02-25 13:04:05.656867-06	16	4
137	2.39	2026-02-25 13:04:05.656867-06	17	4
138	2.49	2026-02-25 13:04:05.660284-06	18	4
139	3.79	2026-02-25 13:04:05.661278-06	19	4
140	3.59	2026-02-25 13:04:05.662652-06	37	4
141	3.39	2026-02-25 13:04:05.665646-06	20	4
142	2.19	2026-02-25 13:04:05.666133-06	21	4
143	2.09	2026-02-25 13:04:05.667513-06	38	4
144	1.49	2026-02-25 13:04:05.668526-06	22	4
145	0.69	2026-02-25 13:04:05.669525-06	23	4
146	0.89	2026-02-25 13:04:05.670525-06	24	4
147	5.09	2026-02-25 13:04:05.671525-06	25	4
148	5.99	2026-02-25 13:04:05.673147-06	39	4
149	6.99	2026-02-25 13:04:05.674172-06	40	4
150	1.29	2026-02-25 13:04:05.675173-06	26	4
151	1.29	2026-02-25 13:04:05.676173-06	27	4
152	1.09	2026-02-25 13:04:05.677173-06	28	4
153	1.39	2026-02-25 13:04:05.678942-06	29	4
154	4.39	2026-02-25 13:04:05.681681-06	30	4
155	1.59	2026-02-25 13:04:05.683213-06	31	4
156	3.99	2026-02-25 13:04:05.684211-06	41	4
157	2.59	2026-02-25 13:04:05.684211-06	32	4
158	3.99	2026-02-25 13:04:05.684211-06	33	4
159	0.59	2026-02-25 13:04:05.684211-06	1	5
160	2.69	2026-02-25 13:04:05.684211-06	2	5
161	4.89	2026-02-25 13:04:05.684211-06	34	5
162	1.79	2026-02-25 13:04:05.684211-06	3	5
163	1.69	2026-02-25 13:04:05.692017-06	4	5
164	1.79	2026-02-25 13:04:05.693043-06	5	5
165	3.49	2026-02-25 13:04:05.694022-06	6	5
166	4.09	2026-02-25 13:04:05.695022-06	7	5
167	1.29	2026-02-25 13:04:05.695956-06	8	5
168	2.59	2026-02-25 13:04:05.699596-06	9	5
169	0.79	2026-02-25 13:04:05.700593-06	10	5
170	2.49	2026-02-25 13:04:05.701765-06	11	5
171	1.49	2026-02-25 13:04:05.7024-06	12	5
172	1.09	2026-02-25 13:04:05.703425-06	13	5
173	1.99	2026-02-25 13:04:05.703425-06	35	5
174	1.99	2026-02-25 13:04:05.703425-06	36	5
175	1.89	2026-02-25 13:04:05.703425-06	14	5
176	1.09	2026-02-25 13:04:05.708641-06	15	5
177	0.59	2026-02-25 13:04:05.709707-06	16	5
178	2.29	2026-02-25 13:04:05.710996-06	17	5
179	2.19	2026-02-25 13:04:05.71274-06	18	5
180	3.89	2026-02-25 13:04:05.71274-06	19	5
181	3.49	2026-02-25 13:04:05.716885-06	37	5
182	3.59	2026-02-25 13:04:05.717882-06	20	5
183	2.19	2026-02-25 13:04:05.718883-06	21	5
184	1.99	2026-02-25 13:04:05.720206-06	38	5
185	1.59	2026-02-25 13:04:05.720206-06	22	5
186	0.69	2026-02-25 13:04:05.720206-06	23	5
187	0.79	2026-02-25 13:04:05.720206-06	24	5
188	4.99	2026-02-25 13:04:05.720206-06	25	5
189	6.19	2026-02-25 13:04:05.720206-06	39	5
190	7.19	2026-02-25 13:04:05.720206-06	40	5
191	1.39	2026-02-25 13:04:05.727365-06	26	5
192	1.39	2026-02-25 13:04:05.729382-06	27	5
193	1.39	2026-02-25 13:04:05.731831-06	28	5
194	1.59	2026-02-25 13:04:05.732857-06	29	5
195	4.39	2026-02-25 13:04:05.734351-06	30	5
196	1.39	2026-02-25 13:04:05.735431-06	31	5
197	3.99	2026-02-25 13:04:05.7365-06	41	5
198	2.39	2026-02-25 13:04:05.737504-06	32	5
199	3.79	2026-02-25 13:04:05.738504-06	33	5
200	0.89	2026-02-25 13:04:05.740622-06	1	6
201	2.89	2026-02-25 13:04:05.741629-06	2	6
202	4.89	2026-02-25 13:04:05.742627-06	34	6
203	1.79	2026-02-25 13:04:05.743627-06	3	6
204	1.79	2026-02-25 13:04:05.744627-06	4	6
205	1.59	2026-02-25 13:04:05.746476-06	5	6
206	3.49	2026-02-25 13:04:05.749097-06	6	6
207	4.09	2026-02-25 13:04:05.750102-06	7	6
208	1.39	2026-02-25 13:04:05.752102-06	8	6
209	2.59	2026-02-25 13:04:05.753102-06	9	6
210	0.49	2026-02-25 13:04:05.754102-06	10	6
211	2.39	2026-02-25 13:04:05.755275-06	11	6
212	1.69	2026-02-25 13:04:05.756375-06	12	6
213	0.99	2026-02-25 13:04:05.757363-06	13	6
214	1.89	2026-02-25 13:04:05.758362-06	35	6
215	1.99	2026-02-25 13:04:05.75936-06	36	6
216	2.09	2026-02-25 13:04:05.760362-06	14	6
217	1.19	2026-02-25 13:04:05.762598-06	15	6
218	0.69	2026-02-25 13:04:05.765261-06	16	6
219	2.29	2026-02-25 13:04:05.766968-06	17	6
220	2.19	2026-02-25 13:04:05.768327-06	18	6
221	3.89	2026-02-25 13:04:05.769342-06	19	6
222	3.49	2026-02-25 13:04:05.771337-06	37	6
223	3.49	2026-02-25 13:04:05.772382-06	20	6
224	2.09	2026-02-25 13:04:05.773335-06	21	6
225	1.99	2026-02-25 13:04:05.77505-06	38	6
226	1.79	2026-02-25 13:04:05.777199-06	22	6
227	0.59	2026-02-25 13:04:05.779443-06	23	6
228	0.99	2026-02-25 13:04:05.785298-06	24	6
229	4.69	2026-02-25 13:04:05.786205-06	25	6
230	6.09	2026-02-25 13:04:05.787204-06	39	6
231	6.89	2026-02-25 13:04:05.788224-06	40	6
232	1.19	2026-02-25 13:04:05.788224-06	26	6
233	1.19	2026-02-25 13:04:05.791935-06	27	6
234	1.39	2026-02-25 13:04:05.792936-06	28	6
235	1.69	2026-02-25 13:04:05.794978-06	29	6
236	4.49	2026-02-25 13:04:05.795943-06	30	6
237	1.39	2026-02-25 13:04:05.799723-06	31	6
238	4.09	2026-02-25 13:04:05.800849-06	41	6
239	2.49	2026-02-25 13:04:05.801848-06	32	6
240	3.69	2026-02-25 13:04:05.803627-06	33	6
241	0.79	2026-02-25 13:04:05.805615-06	1	7
242	2.79	2026-02-25 13:04:05.806615-06	2	7
243	4.99	2026-02-25 13:04:05.807617-06	34	7
244	1.99	2026-02-25 13:04:05.808616-06	3	7
245	1.69	2026-02-25 13:04:05.808616-06	4	7
246	1.79	2026-02-25 13:04:05.808616-06	5	7
247	3.69	2026-02-25 13:04:05.812706-06	6	7
248	3.79	2026-02-25 13:04:05.812706-06	7	7
249	1.29	2026-02-25 13:04:05.81689-06	8	7
250	2.49	2026-02-25 13:04:05.817979-06	9	7
251	0.79	2026-02-25 13:04:05.818977-06	10	7
252	2.59	2026-02-25 13:04:05.82049-06	11	7
253	1.49	2026-02-25 13:04:05.821536-06	12	7
254	0.89	2026-02-25 13:04:05.822724-06	13	7
255	1.99	2026-02-25 13:04:05.824735-06	35	7
256	2.19	2026-02-25 13:04:05.825745-06	36	7
257	1.99	2026-02-25 13:04:05.82673-06	14	7
258	1.19	2026-02-25 13:04:05.827729-06	15	7
259	0.59	2026-02-25 13:04:05.830696-06	16	7
260	2.19	2026-02-25 13:04:05.831706-06	17	7
261	2.19	2026-02-25 13:04:05.833516-06	18	7
262	3.89	2026-02-25 13:04:05.834339-06	19	7
263	3.49	2026-02-25 13:04:05.83638-06	37	7
264	3.69	2026-02-25 13:04:05.837383-06	20	7
265	2.39	2026-02-25 13:04:05.838346-06	21	7
266	1.99	2026-02-25 13:04:05.839344-06	38	7
267	1.59	2026-02-25 13:04:05.840556-06	22	7
268	0.59	2026-02-25 13:04:05.84258-06	23	7
269	1.09	2026-02-25 13:04:05.843562-06	24	7
270	4.99	2026-02-25 13:04:05.844581-06	25	7
271	6.09	2026-02-25 13:04:05.845562-06	39	7
272	7.19	2026-02-25 13:04:05.846044-06	40	7
273	1.19	2026-02-25 13:04:05.849447-06	26	7
274	1.39	2026-02-25 13:04:05.850165-06	27	7
275	1.39	2026-02-25 13:04:05.851612-06	28	7
276	1.59	2026-02-25 13:04:05.852623-06	29	7
277	4.59	2026-02-25 13:04:05.853622-06	30	7
278	1.39	2026-02-25 13:04:05.854852-06	31	7
279	3.99	2026-02-25 13:04:05.855942-06	41	7
280	2.49	2026-02-25 13:04:05.856952-06	32	7
281	3.89	2026-02-25 13:04:05.857948-06	33	7
282	0.59	2026-02-25 13:04:05.859948-06	1	8
283	2.79	2026-02-25 13:04:05.859948-06	2	8
284	4.69	2026-02-25 13:04:05.862634-06	34	8
285	1.79	2026-02-25 13:04:05.864951-06	3	8
286	1.99	2026-02-25 13:04:05.865946-06	4	8
287	1.59	2026-02-25 13:04:05.866944-06	5	8
288	3.69	2026-02-25 13:04:05.869252-06	6	8
289	4.09	2026-02-25 13:04:05.870253-06	7	8
290	1.29	2026-02-25 13:04:05.871256-06	8	8
291	2.29	2026-02-25 13:04:05.872253-06	9	8
292	0.79	2026-02-25 13:04:05.873251-06	10	8
293	2.29	2026-02-25 13:04:05.875103-06	11	8
294	1.69	2026-02-25 13:04:05.877109-06	12	8
295	0.99	2026-02-25 13:04:05.878221-06	13	8
296	2.09	2026-02-25 13:04:05.879454-06	35	8
297	1.99	2026-02-25 13:04:05.882389-06	36	8
298	1.99	2026-02-25 13:04:05.883864-06	14	8
299	1.19	2026-02-25 13:04:05.884888-06	15	8
300	0.69	2026-02-25 13:04:05.885881-06	16	8
301	2.29	2026-02-25 13:04:05.88683-06	17	8
302	2.19	2026-02-25 13:04:05.88783-06	18	8
303	3.89	2026-02-25 13:04:05.88783-06	19	8
304	3.79	2026-02-25 13:04:05.890006-06	37	8
305	3.49	2026-02-25 13:04:05.891042-06	20	8
306	2.29	2026-02-25 13:04:05.892166-06	21	8
307	1.89	2026-02-25 13:04:05.893179-06	38	8
308	1.89	2026-02-25 13:04:05.894178-06	22	8
309	0.69	2026-02-25 13:04:05.895634-06	23	8
310	0.99	2026-02-25 13:04:05.896111-06	24	8
311	4.99	2026-02-25 13:04:05.899889-06	25	8
312	5.99	2026-02-25 13:04:05.901283-06	39	8
313	6.99	2026-02-25 13:04:05.902081-06	40	8
314	1.39	2026-02-25 13:04:05.903396-06	26	8
315	1.29	2026-02-25 13:04:05.904428-06	27	8
316	1.29	2026-02-25 13:04:05.90542-06	28	8
317	1.29	2026-02-25 13:04:05.90642-06	29	8
318	4.59	2026-02-25 13:04:05.90742-06	30	8
319	1.59	2026-02-25 13:04:05.909963-06	31	8
320	3.99	2026-02-25 13:04:05.910961-06	41	8
321	2.59	2026-02-25 13:04:05.911981-06	32	8
322	3.49	2026-02-25 13:04:05.915369-06	33	8
323	0.79	2026-02-25 13:04:05.917374-06	1	9
324	2.59	2026-02-25 13:04:05.918374-06	2	9
325	4.89	2026-02-25 13:04:05.919374-06	34	9
326	1.99	2026-02-25 13:04:05.920373-06	3	9
327	1.89	2026-02-25 13:04:05.920373-06	4	9
328	1.89	2026-02-25 13:04:05.923336-06	5	9
329	3.49	2026-02-25 13:04:05.924398-06	6	9
330	4.19	2026-02-25 13:04:05.925427-06	7	9
331	1.29	2026-02-25 13:04:05.926617-06	8	9
332	2.49	2026-02-25 13:04:05.927624-06	9	9
333	0.79	2026-02-25 13:04:05.929492-06	10	9
334	2.39	2026-02-25 13:04:05.932147-06	11	9
335	1.79	2026-02-25 13:04:05.933612-06	12	9
336	0.99	2026-02-25 13:04:05.9355-06	13	9
337	2.09	2026-02-25 13:04:05.93642-06	35	9
338	1.99	2026-02-25 13:04:05.937394-06	36	9
339	2.09	2026-02-25 13:04:05.937394-06	14	9
340	1.29	2026-02-25 13:04:05.937394-06	15	9
341	0.89	2026-02-25 13:04:05.940779-06	16	9
342	2.29	2026-02-25 13:04:05.941869-06	17	9
343	2.19	2026-02-25 13:04:05.942868-06	18	9
344	3.89	2026-02-25 13:04:05.943867-06	19	9
345	3.59	2026-02-25 13:04:05.945511-06	37	9
346	3.49	2026-02-25 13:04:05.946168-06	20	9
347	2.29	2026-02-25 13:04:05.950097-06	21	9
348	1.99	2026-02-25 13:04:05.951062-06	38	9
349	1.59	2026-02-25 13:04:05.952861-06	22	9
350	0.59	2026-02-25 13:04:05.953861-06	23	9
351	1.09	2026-02-25 13:04:05.953861-06	24	9
352	4.89	2026-02-25 13:04:05.953861-06	25	9
353	5.89	2026-02-25 13:04:05.953861-06	39	9
354	6.99	2026-02-25 13:04:05.953861-06	40	9
355	1.39	2026-02-25 13:04:05.958504-06	26	9
356	1.19	2026-02-25 13:04:05.959574-06	27	9
357	1.29	2026-02-25 13:04:05.960567-06	28	9
358	1.49	2026-02-25 13:04:05.961478-06	29	9
359	4.69	2026-02-25 13:04:05.962489-06	30	9
360	1.49	2026-02-25 13:04:05.96525-06	31	9
361	3.99	2026-02-25 13:04:05.967256-06	41	9
362	2.39	2026-02-25 13:04:05.968263-06	32	9
363	3.89	2026-02-25 13:04:05.969263-06	33	9
364	0.79	2026-02-25 13:04:05.969263-06	1	10
365	2.99	2026-02-25 13:04:05.969263-06	2	10
366	4.79	2026-02-25 13:04:05.969263-06	34	10
367	1.89	2026-02-25 13:04:05.969263-06	3	10
368	1.89	2026-02-25 13:04:05.969263-06	4	10
369	1.89	2026-02-25 13:04:05.977118-06	5	10
370	3.39	2026-02-25 13:04:05.979126-06	6	10
371	3.99	2026-02-25 13:04:05.9795-06	7	10
372	1.19	2026-02-25 13:04:05.982489-06	8	10
373	2.59	2026-02-25 13:04:05.984804-06	9	10
374	0.69	2026-02-25 13:04:05.98613-06	10	10
375	2.49	2026-02-25 13:04:05.987138-06	11	10
376	1.49	2026-02-25 13:04:05.989229-06	12	10
377	1.09	2026-02-25 13:04:05.989229-06	13	10
378	2.19	2026-02-25 13:04:05.992064-06	35	10
379	1.99	2026-02-25 13:04:05.992975-06	36	10
380	2.09	2026-02-25 13:04:05.993972-06	14	10
381	1.29	2026-02-25 13:04:05.994972-06	15	10
382	0.89	2026-02-25 13:04:05.996301-06	16	10
383	2.39	2026-02-25 13:04:05.999515-06	17	10
384	2.39	2026-02-25 13:04:06.000494-06	18	10
385	3.69	2026-02-25 13:04:06.001494-06	19	10
386	3.79	2026-02-25 13:04:06.002492-06	37	10
387	3.49	2026-02-25 13:04:06.003494-06	20	10
388	2.49	2026-02-25 13:04:06.003494-06	21	10
389	1.99	2026-02-25 13:04:06.006173-06	38	10
390	1.59	2026-02-25 13:04:06.007365-06	22	10
391	0.79	2026-02-25 13:04:06.008578-06	23	10
392	1.19	2026-02-25 13:04:06.009462-06	24	10
393	5.19	2026-02-25 13:04:06.010468-06	25	10
394	6.09	2026-02-25 13:04:06.012604-06	39	10
395	6.99	2026-02-25 13:04:06.014742-06	40	10
396	1.39	2026-02-25 13:04:06.015751-06	26	10
397	1.29	2026-02-25 13:04:06.017571-06	27	10
398	1.09	2026-02-25 13:04:06.01854-06	28	10
399	1.59	2026-02-25 13:04:06.019548-06	29	10
400	4.59	2026-02-25 13:04:06.021546-06	30	10
401	1.39	2026-02-25 13:04:06.022549-06	31	10
402	3.89	2026-02-25 13:04:06.023547-06	41	10
403	2.49	2026-02-25 13:04:06.024541-06	32	10
404	3.49	2026-02-25 13:04:06.025922-06	33	10
405	0.79	2026-02-25 13:04:06.027932-06	1	11
406	2.89	2026-02-25 13:04:06.028933-06	2	11
407	4.69	2026-02-25 13:04:06.031838-06	34	11
408	1.69	2026-02-25 13:04:06.032844-06	3	11
409	1.89	2026-02-25 13:04:06.034552-06	4	11
410	1.99	2026-02-25 13:04:06.036349-06	5	11
411	3.69	2026-02-25 13:04:06.036349-06	6	11
412	4.19	2026-02-25 13:04:06.036349-06	7	11
413	1.19	2026-02-25 13:04:06.036349-06	8	11
414	2.59	2026-02-25 13:04:06.036349-06	9	11
415	0.69	2026-02-25 13:04:06.042601-06	10	11
416	2.59	2026-02-25 13:04:06.044609-06	11	11
417	1.59	2026-02-25 13:04:06.046058-06	12	11
418	0.99	2026-02-25 13:04:06.046058-06	13	11
419	1.99	2026-02-25 13:04:06.050895-06	35	11
420	2.09	2026-02-25 13:04:06.051893-06	36	11
421	2.09	2026-02-25 13:04:06.053083-06	14	11
422	1.19	2026-02-25 13:04:06.05409-06	15	11
423	0.69	2026-02-25 13:04:06.055105-06	16	11
424	2.39	2026-02-25 13:04:06.056598-06	17	11
425	2.49	2026-02-25 13:04:06.057685-06	18	11
426	3.89	2026-02-25 13:04:06.058691-06	19	11
427	3.49	2026-02-25 13:04:06.05969-06	37	11
428	3.69	2026-02-25 13:04:06.060692-06	20	11
429	2.39	2026-02-25 13:04:06.062629-06	21	11
430	1.99	2026-02-25 13:04:06.065355-06	38	11
431	1.89	2026-02-25 13:04:06.066403-06	22	11
432	0.79	2026-02-25 13:04:06.068278-06	23	11
433	0.89	2026-02-25 13:04:06.069111-06	24	11
434	4.99	2026-02-25 13:04:06.071173-06	25	11
435	5.99	2026-02-25 13:04:06.072199-06	39	11
436	7.19	2026-02-25 13:04:06.073202-06	40	11
437	1.29	2026-02-25 13:04:06.074199-06	26	11
438	1.19	2026-02-25 13:04:06.074199-06	27	11
439	1.29	2026-02-25 13:04:06.076078-06	28	11
440	1.59	2026-02-25 13:04:06.077498-06	29	11
441	4.39	2026-02-25 13:04:06.078508-06	30	11
442	1.59	2026-02-25 13:04:06.07949-06	31	11
443	3.89	2026-02-25 13:04:06.082369-06	41	11
444	2.49	2026-02-25 13:04:06.08443-06	32	11
445	3.79	2026-02-25 13:04:06.085518-06	33	11
446	0.79	2026-02-25 13:04:06.087515-06	1	12
447	2.69	2026-02-25 13:04:06.08843-06	2	12
448	4.89	2026-02-25 13:04:06.089433-06	34	12
449	1.69	2026-02-25 13:04:06.090684-06	3	12
450	1.89	2026-02-25 13:04:06.091781-06	4	12
451	1.79	2026-02-25 13:04:06.092788-06	5	12
452	3.49	2026-02-25 13:04:06.093787-06	6	12
453	3.99	2026-02-25 13:04:06.094785-06	7	12
454	1.29	2026-02-25 13:04:06.095788-06	8	12
455	2.59	2026-02-25 13:04:06.099436-06	9	12
456	0.69	2026-02-25 13:04:06.100435-06	10	12
457	2.59	2026-02-25 13:04:06.101432-06	11	12
458	1.69	2026-02-25 13:04:06.102432-06	12	12
459	0.79	2026-02-25 13:04:06.103435-06	13	12
460	1.99	2026-02-25 13:04:06.106002-06	35	12
461	2.19	2026-02-25 13:04:06.107002-06	36	12
462	2.19	2026-02-25 13:04:06.108094-06	14	12
463	1.19	2026-02-25 13:04:06.109102-06	15	12
464	0.59	2026-02-25 13:04:06.110102-06	16	12
465	2.39	2026-02-25 13:04:06.112704-06	17	12
466	2.09	2026-02-25 13:04:06.116195-06	18	12
467	3.89	2026-02-25 13:04:06.117196-06	19	12
468	3.49	2026-02-25 13:04:06.120085-06	37	12
469	3.59	2026-02-25 13:04:06.12104-06	20	12
470	2.19	2026-02-25 13:04:06.12313-06	21	12
471	2.09	2026-02-25 13:04:06.124124-06	38	12
472	1.59	2026-02-25 13:04:06.124124-06	22	12
473	0.39	2026-02-25 13:04:06.126169-06	23	12
474	1.19	2026-02-25 13:04:06.128195-06	24	12
475	5.09	2026-02-25 13:04:06.129537-06	25	12
476	5.89	2026-02-25 13:04:06.131574-06	39	12
477	6.89	2026-02-25 13:04:06.13262-06	40	12
478	1.19	2026-02-25 13:04:06.134089-06	26	12
479	1.19	2026-02-25 13:04:06.135011-06	27	12
480	1.29	2026-02-25 13:04:06.137015-06	28	12
481	1.59	2026-02-25 13:04:06.138014-06	29	12
482	4.69	2026-02-25 13:04:06.139886-06	30	12
483	1.29	2026-02-25 13:04:06.140885-06	31	12
484	3.99	2026-02-25 13:04:06.141884-06	41	12
485	2.39	2026-02-25 13:04:06.142884-06	32	12
486	3.79	2026-02-25 13:04:06.143884-06	33	12
487	0.79	2026-02-25 13:04:06.145936-06	1	13
488	2.79	2026-02-25 13:04:06.148681-06	2	13
489	4.79	2026-02-25 13:04:06.149676-06	34	13
490	1.89	2026-02-25 13:04:06.150675-06	3	13
491	1.79	2026-02-25 13:04:06.150675-06	4	13
492	1.79	2026-02-25 13:04:06.153807-06	5	13
493	3.49	2026-02-25 13:04:06.154905-06	6	13
494	3.99	2026-02-25 13:04:06.155902-06	7	13
495	1.29	2026-02-25 13:04:06.156901-06	8	13
496	2.49	2026-02-25 13:04:06.15859-06	9	13
497	0.79	2026-02-25 13:04:06.159678-06	10	13
498	2.29	2026-02-25 13:04:06.160686-06	11	13
499	1.59	2026-02-25 13:04:06.162675-06	12	13
500	1.09	2026-02-25 13:04:06.165059-06	13	13
501	2.09	2026-02-25 13:04:06.166198-06	35	13
502	1.99	2026-02-25 13:04:06.167207-06	36	13
503	1.99	2026-02-25 13:04:06.168213-06	14	13
504	1.09	2026-02-25 13:04:06.170214-06	15	13
505	0.69	2026-02-25 13:04:06.171213-06	16	13
506	2.29	2026-02-25 13:04:06.171213-06	17	13
507	2.29	2026-02-25 13:04:06.174369-06	18	13
508	3.79	2026-02-25 13:04:06.175368-06	19	13
509	3.59	2026-02-25 13:04:06.17637-06	37	13
510	3.39	2026-02-25 13:04:06.177369-06	20	13
511	2.09	2026-02-25 13:04:06.178956-06	21	13
512	1.99	2026-02-25 13:04:06.183241-06	38	13
513	1.69	2026-02-25 13:04:06.185242-06	22	13
514	0.69	2026-02-25 13:04:06.185242-06	23	13
515	0.99	2026-02-25 13:04:06.188815-06	24	13
516	4.89	2026-02-25 13:04:06.190922-06	25	13
517	5.89	2026-02-25 13:04:06.191903-06	39	13
518	7.09	2026-02-25 13:04:06.192883-06	40	13
519	1.29	2026-02-25 13:04:06.193823-06	26	13
520	1.39	2026-02-25 13:04:06.195817-06	27	13
521	1.29	2026-02-25 13:04:06.198235-06	28	13
522	1.49	2026-02-25 13:04:06.199881-06	29	13
523	4.59	2026-02-25 13:04:06.201803-06	30	13
524	1.39	2026-02-25 13:04:06.202842-06	31	13
525	3.99	2026-02-25 13:04:06.203807-06	41	13
526	2.59	2026-02-25 13:04:06.204761-06	32	13
527	3.69	2026-02-25 13:04:06.20576-06	33	13
528	0.59	2026-02-25 13:04:06.208195-06	1	14
529	2.59	2026-02-25 13:04:06.208943-06	2	14
530	4.79	2026-02-25 13:04:06.209955-06	34	14
531	1.89	2026-02-25 13:04:06.210954-06	3	14
532	1.89	2026-02-25 13:04:06.212986-06	4	14
533	1.89	2026-02-25 13:04:06.215179-06	5	14
534	3.59	2026-02-25 13:04:06.217217-06	6	14
535	3.89	2026-02-25 13:04:06.218242-06	7	14
536	1.29	2026-02-25 13:04:06.219222-06	8	14
537	2.49	2026-02-25 13:04:06.220187-06	9	14
538	0.59	2026-02-25 13:04:06.220187-06	10	14
539	2.49	2026-02-25 13:04:06.222409-06	11	14
540	1.59	2026-02-25 13:04:06.223434-06	12	14
541	0.99	2026-02-25 13:04:06.224435-06	13	14
542	2.19	2026-02-25 13:04:06.22556-06	35	14
543	2.09	2026-02-25 13:04:06.226567-06	36	14
544	2.09	2026-02-25 13:04:06.227565-06	14	14
545	1.29	2026-02-25 13:04:06.229345-06	15	14
546	0.59	2026-02-25 13:04:06.229345-06	16	14
547	2.19	2026-02-25 13:04:06.229345-06	17	14
548	2.09	2026-02-25 13:04:06.236313-06	18	14
549	3.79	2026-02-25 13:04:06.238314-06	19	14
550	3.39	2026-02-25 13:04:06.239314-06	37	14
551	3.39	2026-02-25 13:04:06.239314-06	20	14
552	2.19	2026-02-25 13:04:06.242694-06	21	14
553	1.99	2026-02-25 13:04:06.243794-06	38	14
554	1.79	2026-02-25 13:04:06.245705-06	22	14
555	0.69	2026-02-25 13:04:06.246075-06	23	14
556	0.89	2026-02-25 13:04:06.249457-06	24	14
557	5.09	2026-02-25 13:04:06.251689-06	25	14
558	6.09	2026-02-25 13:04:06.252641-06	39	14
559	7.29	2026-02-25 13:04:06.253589-06	40	14
560	1.39	2026-02-25 13:04:06.254674-06	26	14
561	1.19	2026-02-25 13:04:06.257235-06	27	14
562	1.49	2026-02-25 13:04:06.258321-06	28	14
563	1.59	2026-02-25 13:04:06.259273-06	29	14
564	4.69	2026-02-25 13:04:06.260233-06	30	14
565	1.39	2026-02-25 13:04:06.261234-06	31	14
566	4.09	2026-02-25 13:04:06.264399-06	41	14
567	2.59	2026-02-25 13:04:06.265407-06	32	14
568	3.69	2026-02-25 13:04:06.266404-06	33	14
569	0.79	2026-02-25 13:04:06.267428-06	1	15
570	2.79	2026-02-25 13:04:06.267428-06	2	15
571	4.89	2026-02-25 13:04:06.270731-06	34	15
572	1.79	2026-02-25 13:04:06.271839-06	3	15
573	1.89	2026-02-25 13:04:06.273277-06	4	15
574	1.79	2026-02-25 13:04:06.274288-06	5	15
575	3.49	2026-02-25 13:04:06.275714-06	6	15
576	3.99	2026-02-25 13:04:06.276824-06	7	15
577	1.39	2026-02-25 13:04:06.277974-06	8	15
578	2.49	2026-02-25 13:04:06.279316-06	9	15
579	0.79	2026-02-25 13:04:06.282526-06	10	15
580	2.39	2026-02-25 13:04:06.282526-06	11	15
581	1.79	2026-02-25 13:04:06.284561-06	12	15
582	0.89	2026-02-25 13:04:06.286569-06	13	15
583	2.29	2026-02-25 13:04:06.286569-06	35	15
584	2.09	2026-02-25 13:04:06.288578-06	36	15
585	2.09	2026-02-25 13:04:06.288578-06	14	15
586	1.19	2026-02-25 13:04:06.291438-06	15	15
587	0.69	2026-02-25 13:04:06.293444-06	16	15
588	2.29	2026-02-25 13:04:06.294397-06	17	15
589	2.19	2026-02-25 13:04:06.296016-06	18	15
590	3.79	2026-02-25 13:04:06.296016-06	19	15
591	3.49	2026-02-25 13:04:06.301996-06	37	15
592	3.59	2026-02-25 13:04:06.304008-06	20	15
593	2.29	2026-02-25 13:04:06.305004-06	21	15
594	2.19	2026-02-25 13:04:06.306006-06	38	15
595	1.69	2026-02-25 13:04:06.307004-06	22	15
596	0.79	2026-02-25 13:04:06.309269-06	23	15
597	1.09	2026-02-25 13:04:06.310354-06	24	15
598	5.09	2026-02-25 13:04:06.311389-06	25	15
599	6.09	2026-02-25 13:04:06.312728-06	39	15
600	6.79	2026-02-25 13:04:06.316303-06	40	15
601	1.29	2026-02-25 13:04:06.317303-06	26	15
602	1.29	2026-02-25 13:04:06.318302-06	27	15
603	1.39	2026-02-25 13:04:06.319304-06	28	15
604	1.59	2026-02-25 13:04:06.320302-06	29	15
605	4.29	2026-02-25 13:04:06.322651-06	30	15
606	1.49	2026-02-25 13:04:06.323652-06	31	15
607	3.99	2026-02-25 13:04:06.324652-06	41	15
608	2.59	2026-02-25 13:04:06.32565-06	32	15
609	3.69	2026-02-25 13:04:06.326651-06	33	15
610	0.89	2026-02-25 13:04:06.329528-06	1	16
611	2.79	2026-02-25 13:04:06.331761-06	2	16
612	4.89	2026-02-25 13:04:06.332759-06	34	16
613	1.79	2026-02-25 13:04:06.334236-06	3	16
614	1.89	2026-02-25 13:04:06.335543-06	4	16
615	1.99	2026-02-25 13:04:06.336552-06	5	16
616	3.69	2026-02-25 13:04:06.337578-06	6	16
617	3.99	2026-02-25 13:04:06.338607-06	7	16
618	1.29	2026-02-25 13:04:06.339616-06	8	16
619	2.69	2026-02-25 13:04:06.341006-06	9	16
620	0.79	2026-02-25 13:04:06.342092-06	10	16
621	2.69	2026-02-25 13:04:06.344016-06	11	16
622	1.59	2026-02-25 13:04:06.345013-06	12	16
623	0.89	2026-02-25 13:04:06.346-06	13	16
624	2.19	2026-02-25 13:04:06.348885-06	35	16
625	1.99	2026-02-25 13:04:06.350891-06	36	16
626	2.09	2026-02-25 13:04:06.351891-06	14	16
627	1.19	2026-02-25 13:04:06.35289-06	15	16
628	0.59	2026-02-25 13:04:06.353892-06	16	16
629	2.29	2026-02-25 13:04:06.353892-06	17	16
630	2.29	2026-02-25 13:04:06.356279-06	18	16
631	3.79	2026-02-25 13:04:06.358287-06	19	16
632	3.59	2026-02-25 13:04:06.359285-06	37	16
633	3.39	2026-02-25 13:04:06.360285-06	20	16
634	2.29	2026-02-25 13:04:06.361286-06	21	16
635	1.99	2026-02-25 13:04:06.364175-06	38	16
636	1.79	2026-02-25 13:04:06.365243-06	22	16
637	0.79	2026-02-25 13:04:06.367173-06	23	16
638	0.89	2026-02-25 13:04:06.368193-06	24	16
639	5.09	2026-02-25 13:04:06.3692-06	25	16
640	5.99	2026-02-25 13:04:06.37028-06	39	16
641	6.99	2026-02-25 13:04:06.372285-06	40	16
642	1.19	2026-02-25 13:04:06.373077-06	26	16
643	1.19	2026-02-25 13:04:06.37411-06	27	16
644	1.49	2026-02-25 13:04:06.375119-06	28	16
645	1.49	2026-02-25 13:04:06.376219-06	29	16
646	4.39	2026-02-25 13:04:06.377876-06	30	16
647	1.39	2026-02-25 13:04:06.379351-06	31	16
648	3.89	2026-02-25 13:04:06.379351-06	41	16
649	2.49	2026-02-25 13:04:06.38276-06	32	16
650	3.69	2026-02-25 13:04:06.38276-06	33	16
651	0.69	2026-02-25 13:04:06.38618-06	1	17
652	2.99	2026-02-25 13:04:06.38715-06	2	17
653	4.59	2026-02-25 13:04:06.388173-06	34	17
654	2.09	2026-02-25 13:04:06.38917-06	3	17
655	1.79	2026-02-25 13:04:06.39017-06	4	17
656	1.69	2026-02-25 13:04:06.39263-06	5	17
657	3.39	2026-02-25 13:04:06.393628-06	6	17
658	3.99	2026-02-25 13:04:06.394628-06	7	17
659	1.19	2026-02-25 13:04:06.396101-06	8	17
660	2.39	2026-02-25 13:04:06.396101-06	9	17
661	0.79	2026-02-25 13:04:06.399872-06	10	17
662	2.39	2026-02-25 13:04:06.401246-06	11	17
663	1.59	2026-02-25 13:04:06.402281-06	12	17
664	0.99	2026-02-25 13:04:06.403355-06	13	17
665	2.09	2026-02-25 13:04:06.404342-06	35	17
666	1.89	2026-02-25 13:04:06.40593-06	36	17
667	2.09	2026-02-25 13:04:06.407175-06	14	17
668	1.29	2026-02-25 13:04:06.408167-06	15	17
669	0.99	2026-02-25 13:04:06.410142-06	16	17
670	2.39	2026-02-25 13:04:06.411048-06	17	17
671	2.29	2026-02-25 13:04:06.412593-06	18	17
672	3.89	2026-02-25 13:04:06.41506-06	19	17
673	3.49	2026-02-25 13:04:06.416638-06	37	17
674	3.49	2026-02-25 13:04:06.417468-06	20	17
675	2.29	2026-02-25 13:04:06.418858-06	21	17
676	1.99	2026-02-25 13:04:06.420077-06	38	17
677	1.59	2026-02-25 13:04:06.421081-06	22	17
678	0.59	2026-02-25 13:04:06.422081-06	23	17
679	1.09	2026-02-25 13:04:06.42327-06	24	17
680	4.99	2026-02-25 13:04:06.424277-06	25	17
681	5.99	2026-02-25 13:04:06.425296-06	39	17
682	6.99	2026-02-25 13:04:06.426297-06	40	17
683	1.19	2026-02-25 13:04:06.429339-06	26	17
684	1.39	2026-02-25 13:04:06.43175-06	27	17
685	1.39	2026-02-25 13:04:06.433777-06	28	17
686	1.59	2026-02-25 13:04:06.434641-06	29	17
687	4.59	2026-02-25 13:04:06.436322-06	30	17
688	1.29	2026-02-25 13:04:06.437311-06	31	17
689	4.09	2026-02-25 13:04:06.437311-06	41	17
690	2.59	2026-02-25 13:04:06.437311-06	32	17
691	3.79	2026-02-25 13:04:06.437311-06	33	17
692	0.59	2026-02-25 13:04:06.441932-06	1	18
693	2.79	2026-02-25 13:04:06.442388-06	2	18
694	4.79	2026-02-25 13:04:06.443395-06	34	18
695	1.69	2026-02-25 13:04:06.444865-06	3	18
696	1.89	2026-02-25 13:04:06.445904-06	4	18
697	1.99	2026-02-25 13:04:06.445904-06	5	18
698	3.49	2026-02-25 13:04:06.450477-06	6	18
699	3.89	2026-02-25 13:04:06.452505-06	7	18
700	1.19	2026-02-25 13:04:06.453503-06	8	18
701	2.39	2026-02-25 13:04:06.454503-06	9	18
702	0.69	2026-02-25 13:04:06.454503-06	10	18
703	2.39	2026-02-25 13:04:06.455504-06	11	18
704	1.79	2026-02-25 13:04:06.456904-06	12	18
705	0.89	2026-02-25 13:04:06.458929-06	13	18
706	2.09	2026-02-25 13:04:06.459929-06	35	18
707	2.19	2026-02-25 13:04:06.459929-06	36	18
708	2.19	2026-02-25 13:04:06.460933-06	14	18
709	1.19	2026-02-25 13:04:06.462679-06	15	18
710	0.89	2026-02-25 13:04:06.464714-06	16	18
711	2.29	2026-02-25 13:04:06.466098-06	17	18
712	2.09	2026-02-25 13:04:06.467137-06	18	18
713	3.79	2026-02-25 13:04:06.468146-06	19	18
714	3.69	2026-02-25 13:04:06.469656-06	37	18
715	3.59	2026-02-25 13:04:06.470668-06	20	18
716	2.19	2026-02-25 13:04:06.471674-06	21	18
717	2.09	2026-02-25 13:04:06.472673-06	38	18
718	1.49	2026-02-25 13:04:06.473673-06	22	18
719	0.69	2026-02-25 13:04:06.474673-06	23	18
720	1.09	2026-02-25 13:04:06.475673-06	24	18
721	4.89	2026-02-25 13:04:06.476681-06	25	18
722	6.09	2026-02-25 13:04:06.477706-06	39	18
723	7.19	2026-02-25 13:04:06.480733-06	40	18
724	1.39	2026-02-25 13:04:06.48174-06	26	18
725	1.39	2026-02-25 13:04:06.482743-06	27	18
726	1.29	2026-02-25 13:04:06.4845-06	28	18
727	1.39	2026-02-25 13:04:06.485403-06	29	18
728	4.49	2026-02-25 13:04:06.486382-06	30	18
729	1.69	2026-02-25 13:04:06.487747-06	31	18
730	3.79	2026-02-25 13:04:06.488753-06	41	18
731	2.39	2026-02-25 13:04:06.489754-06	32	18
732	3.69	2026-02-25 13:04:06.490752-06	33	18
733	0.69	2026-02-25 13:04:06.492753-06	1	19
734	2.89	2026-02-25 13:04:06.493752-06	2	19
735	4.79	2026-02-25 13:04:06.494753-06	34	19
736	1.99	2026-02-25 13:04:06.496753-06	3	19
737	1.79	2026-02-25 13:04:06.497759-06	4	19
738	1.89	2026-02-25 13:04:06.498753-06	5	19
739	3.59	2026-02-25 13:04:06.500418-06	6	19
740	3.99	2026-02-25 13:04:06.500418-06	7	19
741	1.39	2026-02-25 13:04:06.503605-06	8	19
742	2.59	2026-02-25 13:04:06.505713-06	9	19
743	0.89	2026-02-25 13:04:06.506659-06	10	19
744	2.59	2026-02-25 13:04:06.507537-06	11	19
745	1.59	2026-02-25 13:04:06.508624-06	12	19
746	1.09	2026-02-25 13:04:06.508624-06	13	19
747	2.09	2026-02-25 13:04:06.508624-06	35	19
748	2.19	2026-02-25 13:04:06.51265-06	36	19
749	2.09	2026-02-25 13:04:06.515582-06	14	19
750	1.19	2026-02-25 13:04:06.516722-06	15	19
751	0.79	2026-02-25 13:04:06.517748-06	16	19
752	2.39	2026-02-25 13:04:06.519284-06	17	19
753	2.29	2026-02-25 13:04:06.519284-06	18	19
754	4.09	2026-02-25 13:04:06.519284-06	19	19
755	3.39	2026-02-25 13:04:06.519284-06	37	19
756	3.59	2026-02-25 13:04:06.519284-06	20	19
757	2.19	2026-02-25 13:04:06.519284-06	21	19
758	2.19	2026-02-25 13:04:06.519284-06	38	19
759	1.59	2026-02-25 13:04:06.526528-06	22	19
760	0.49	2026-02-25 13:04:06.527554-06	23	19
761	0.89	2026-02-25 13:04:06.529302-06	24	19
762	5.09	2026-02-25 13:04:06.531744-06	25	19
763	5.99	2026-02-25 13:04:06.533875-06	39	19
764	6.99	2026-02-25 13:04:06.534443-06	40	19
765	1.19	2026-02-25 13:04:06.535451-06	26	19
766	1.29	2026-02-25 13:04:06.536582-06	27	19
767	1.39	2026-02-25 13:04:06.538223-06	28	19
768	1.29	2026-02-25 13:04:06.539113-06	29	19
769	4.59	2026-02-25 13:04:06.540139-06	30	19
770	1.39	2026-02-25 13:04:06.541138-06	31	19
771	3.89	2026-02-25 13:04:06.542126-06	41	19
772	2.49	2026-02-25 13:04:06.543526-06	32	19
773	3.59	2026-02-25 13:04:06.543526-06	33	19
774	0.59	2026-02-25 13:04:06.545996-06	1	20
775	2.89	2026-02-25 13:04:06.545996-06	2	20
776	4.79	2026-02-25 13:04:06.552765-06	34	20
777	1.69	2026-02-25 13:04:06.553203-06	3	20
778	1.89	2026-02-25 13:04:06.554416-06	4	20
779	1.99	2026-02-25 13:04:06.555427-06	5	20
780	3.29	2026-02-25 13:04:06.556427-06	6	20
781	4.09	2026-02-25 13:04:06.557426-06	7	20
782	1.39	2026-02-25 13:04:06.558479-06	8	20
783	2.49	2026-02-25 13:04:06.55976-06	9	20
784	0.79	2026-02-25 13:04:06.560778-06	10	20
785	2.49	2026-02-25 13:04:06.562665-06	11	20
786	1.49	2026-02-25 13:04:06.562665-06	12	20
787	1.09	2026-02-25 13:04:06.562665-06	13	20
788	2.09	2026-02-25 13:04:06.567798-06	35	20
789	1.99	2026-02-25 13:04:06.568803-06	36	20
790	2.09	2026-02-25 13:04:06.569803-06	14	20
791	1.19	2026-02-25 13:04:06.570803-06	15	20
792	0.69	2026-02-25 13:04:06.570803-06	16	20
793	2.29	2026-02-25 13:04:06.570803-06	17	20
794	2.29	2026-02-25 13:04:06.570803-06	18	20
795	3.69	2026-02-25 13:04:06.570803-06	19	20
796	3.59	2026-02-25 13:04:06.576547-06	37	20
797	3.39	2026-02-25 13:04:06.577627-06	20	20
798	2.19	2026-02-25 13:04:06.57936-06	21	20
799	1.99	2026-02-25 13:04:06.581957-06	38	20
800	1.69	2026-02-25 13:04:06.58293-06	22	20
801	0.49	2026-02-25 13:04:06.584956-06	23	20
802	1.09	2026-02-25 13:04:06.585954-06	24	20
803	4.99	2026-02-25 13:04:06.585954-06	25	20
804	5.99	2026-02-25 13:04:06.586959-06	39	20
805	7.09	2026-02-25 13:04:06.587959-06	40	20
806	1.39	2026-02-25 13:04:06.590391-06	26	20
807	1.49	2026-02-25 13:04:06.591372-06	27	20
808	1.19	2026-02-25 13:04:06.59237-06	28	20
809	1.29	2026-02-25 13:04:06.593393-06	29	20
810	4.39	2026-02-25 13:04:06.59439-06	30	20
811	1.29	2026-02-25 13:04:06.595602-06	31	20
812	3.99	2026-02-25 13:04:06.597932-06	41	20
813	2.39	2026-02-25 13:04:06.598939-06	32	20
814	3.59	2026-02-25 13:04:06.599957-06	33	20
815	0.59	2026-02-25 13:04:06.602411-06	1	21
816	2.89	2026-02-25 13:04:06.603312-06	2	21
817	4.69	2026-02-25 13:04:06.604633-06	34	21
818	1.69	2026-02-25 13:04:06.605645-06	3	21
819	1.79	2026-02-25 13:04:06.606643-06	4	21
820	1.79	2026-02-25 13:04:06.607644-06	5	21
821	3.59	2026-02-25 13:04:06.607644-06	6	21
822	3.89	2026-02-25 13:04:06.609925-06	7	21
823	1.09	2026-02-25 13:04:06.611954-06	8	21
824	2.39	2026-02-25 13:04:06.613999-06	9	21
825	0.59	2026-02-25 13:04:06.615009-06	10	21
826	2.39	2026-02-25 13:04:06.617429-06	11	21
827	1.49	2026-02-25 13:04:06.618406-06	12	21
828	1.29	2026-02-25 13:04:06.619406-06	13	21
829	1.99	2026-02-25 13:04:06.620426-06	35	21
830	1.89	2026-02-25 13:04:06.621426-06	36	21
831	1.99	2026-02-25 13:04:06.621426-06	14	21
832	1.19	2026-02-25 13:04:06.622935-06	15	21
833	0.69	2026-02-25 13:04:06.624299-06	16	21
834	2.19	2026-02-25 13:04:06.625157-06	17	21
835	2.29	2026-02-25 13:04:06.626162-06	18	21
836	3.89	2026-02-25 13:04:06.62716-06	19	21
837	3.59	2026-02-25 13:04:06.628161-06	37	21
838	3.59	2026-02-25 13:04:06.629422-06	20	21
839	2.29	2026-02-25 13:04:06.632692-06	21	21
840	2.19	2026-02-25 13:04:06.633668-06	38	21
841	1.69	2026-02-25 13:04:06.634667-06	22	21
842	0.59	2026-02-25 13:04:06.634667-06	23	21
843	0.99	2026-02-25 13:04:06.637062-06	24	21
844	5.19	2026-02-25 13:04:06.638091-06	25	21
845	5.89	2026-02-25 13:04:06.639088-06	39	21
846	6.89	2026-02-25 13:04:06.640072-06	40	21
847	1.29	2026-02-25 13:04:06.641068-06	26	21
848	1.29	2026-02-25 13:04:06.642068-06	27	21
849	1.39	2026-02-25 13:04:06.642068-06	28	21
850	1.69	2026-02-25 13:04:06.644124-06	29	21
851	4.59	2026-02-25 13:04:06.64599-06	30	21
852	1.59	2026-02-25 13:04:06.648294-06	31	21
853	4.09	2026-02-25 13:04:06.649291-06	41	21
854	2.69	2026-02-25 13:04:06.650914-06	32	21
855	3.79	2026-02-25 13:04:06.651962-06	33	21
856	0.69	2026-02-25 13:04:06.654051-06	1	22
857	2.79	2026-02-25 13:04:06.65503-06	2	22
858	4.89	2026-02-25 13:04:06.65603-06	34	22
859	1.69	2026-02-25 13:04:06.657985-06	3	22
860	1.89	2026-02-25 13:04:06.658983-06	4	22
861	1.89	2026-02-25 13:04:06.660002-06	5	22
862	3.49	2026-02-25 13:04:06.660983-06	6	22
863	4.19	2026-02-25 13:04:06.662814-06	7	22
864	1.19	2026-02-25 13:04:06.664835-06	8	22
865	2.39	2026-02-25 13:04:06.666842-06	9	22
866	0.69	2026-02-25 13:04:06.667841-06	10	22
867	2.59	2026-02-25 13:04:06.668845-06	11	22
868	1.79	2026-02-25 13:04:06.669845-06	12	22
869	1.19	2026-02-25 13:04:06.672088-06	13	22
870	2.19	2026-02-25 13:04:06.673092-06	35	22
871	2.09	2026-02-25 13:04:06.674968-06	36	22
872	1.99	2026-02-25 13:04:06.676219-06	14	22
873	1.29	2026-02-25 13:04:06.676219-06	15	22
874	0.69	2026-02-25 13:04:06.679338-06	16	22
875	2.39	2026-02-25 13:04:06.681651-06	17	22
876	2.29	2026-02-25 13:04:06.683262-06	18	22
877	3.79	2026-02-25 13:04:06.684268-06	19	22
878	3.59	2026-02-25 13:04:06.685986-06	37	22
879	3.69	2026-02-25 13:04:06.687133-06	20	22
880	2.09	2026-02-25 13:04:06.688141-06	21	22
881	2.09	2026-02-25 13:04:06.689139-06	38	22
882	1.69	2026-02-25 13:04:06.690552-06	22	22
883	0.49	2026-02-25 13:04:06.691571-06	23	22
884	1.29	2026-02-25 13:04:06.69258-06	24	22
885	4.99	2026-02-25 13:04:06.693578-06	25	22
886	5.99	2026-02-25 13:04:06.694577-06	39	22
887	7.09	2026-02-25 13:04:06.695951-06	40	22
888	1.49	2026-02-25 13:04:06.699496-06	26	22
889	1.49	2026-02-25 13:04:06.700493-06	27	22
890	1.29	2026-02-25 13:04:06.701989-06	28	22
891	1.59	2026-02-25 13:04:06.702834-06	29	22
892	4.59	2026-02-25 13:04:06.702834-06	30	22
893	1.69	2026-02-25 13:04:06.702834-06	31	22
894	4.09	2026-02-25 13:04:06.702834-06	41	22
895	2.59	2026-02-25 13:04:06.702834-06	32	22
896	3.59	2026-02-25 13:04:06.702834-06	33	22
897	0.59	2026-02-25 13:04:06.711407-06	1	23
898	3.09	2026-02-25 13:04:06.712408-06	2	23
899	4.69	2026-02-25 13:04:06.71515-06	34	23
900	1.89	2026-02-25 13:04:06.71515-06	3	23
901	1.79	2026-02-25 13:04:06.71703-06	4	23
902	1.79	2026-02-25 13:04:06.719121-06	5	23
903	3.39	2026-02-25 13:04:06.720041-06	6	23
904	4.09	2026-02-25 13:04:06.720738-06	7	23
905	1.29	2026-02-25 13:04:06.721745-06	8	23
906	2.59	2026-02-25 13:04:06.722744-06	9	23
907	0.79	2026-02-25 13:04:06.724921-06	10	23
908	2.29	2026-02-25 13:04:06.725923-06	11	23
909	1.59	2026-02-25 13:04:06.726921-06	12	23
910	0.99	2026-02-25 13:04:06.727921-06	13	23
911	1.99	2026-02-25 13:04:06.729562-06	35	23
912	1.99	2026-02-25 13:04:06.729562-06	36	23
913	1.99	2026-02-25 13:04:06.733062-06	14	23
914	1.29	2026-02-25 13:04:06.735068-06	15	23
915	0.79	2026-02-25 13:04:06.736069-06	16	23
916	2.39	2026-02-25 13:04:06.737068-06	17	23
917	2.49	2026-02-25 13:04:06.738067-06	18	23
918	3.79	2026-02-25 13:04:06.738067-06	19	23
919	3.49	2026-02-25 13:04:06.740896-06	37	23
920	3.49	2026-02-25 13:04:06.741972-06	20	23
921	2.19	2026-02-25 13:04:06.743002-06	21	23
922	1.99	2026-02-25 13:04:06.743996-06	38	23
923	1.79	2026-02-25 13:04:06.745916-06	22	23
924	0.79	2026-02-25 13:04:06.7489-06	23	23
925	0.89	2026-02-25 13:04:06.749424-06	24	23
926	4.99	2026-02-25 13:04:06.751429-06	25	23
927	5.89	2026-02-25 13:04:06.752431-06	39	23
928	7.09	2026-02-25 13:04:06.753433-06	40	23
929	1.19	2026-02-25 13:04:06.754685-06	26	23
930	1.19	2026-02-25 13:04:06.756691-06	27	23
931	1.39	2026-02-25 13:04:06.757691-06	28	23
932	1.39	2026-02-25 13:04:06.758691-06	29	23
933	4.59	2026-02-25 13:04:06.758691-06	30	23
934	1.39	2026-02-25 13:04:06.758691-06	31	23
935	3.99	2026-02-25 13:04:06.762724-06	41	23
936	2.59	2026-02-25 13:04:06.762724-06	32	23
937	3.79	2026-02-25 13:04:06.76671-06	33	23
938	0.69	2026-02-25 13:04:06.76889-06	1	24
939	2.79	2026-02-25 13:04:06.769804-06	2	24
940	4.79	2026-02-25 13:04:06.770803-06	34	24
941	1.79	2026-02-25 13:04:06.771803-06	3	24
942	1.69	2026-02-25 13:04:06.773041-06	4	24
943	1.89	2026-02-25 13:04:06.774048-06	5	24
944	3.59	2026-02-25 13:04:06.775135-06	6	24
945	3.99	2026-02-25 13:04:06.776129-06	7	24
946	1.29	2026-02-25 13:04:06.777928-06	8	24
947	2.49	2026-02-25 13:04:06.77935-06	9	24
948	0.69	2026-02-25 13:04:06.782303-06	10	24
949	2.69	2026-02-25 13:04:06.78335-06	11	24
950	1.39	2026-02-25 13:04:06.784444-06	12	24
951	0.99	2026-02-25 13:04:06.784444-06	13	24
952	1.99	2026-02-25 13:04:06.784444-06	35	24
953	1.99	2026-02-25 13:04:06.784444-06	36	24
954	1.99	2026-02-25 13:04:06.7897-06	14	24
955	1.19	2026-02-25 13:04:06.791017-06	15	24
956	0.69	2026-02-25 13:04:06.793025-06	16	24
957	2.19	2026-02-25 13:04:06.794023-06	17	24
958	2.39	2026-02-25 13:04:06.79561-06	18	24
959	3.89	2026-02-25 13:04:06.796165-06	19	24
960	3.59	2026-02-25 13:04:06.799758-06	37	24
961	3.49	2026-02-25 13:04:06.800757-06	20	24
962	2.09	2026-02-25 13:04:06.802737-06	21	24
963	1.99	2026-02-25 13:04:06.803847-06	38	24
964	1.59	2026-02-25 13:04:06.804856-06	22	24
965	0.49	2026-02-25 13:04:06.806855-06	23	24
966	1.09	2026-02-25 13:04:06.807411-06	24	24
967	4.89	2026-02-25 13:04:06.808794-06	25	24
968	5.99	2026-02-25 13:04:06.809875-06	39	24
969	6.99	2026-02-25 13:04:06.810907-06	40	24
970	1.29	2026-02-25 13:04:06.812672-06	26	24
971	1.39	2026-02-25 13:04:06.812672-06	27	24
972	1.29	2026-02-25 13:04:06.812672-06	28	24
973	1.69	2026-02-25 13:04:06.812672-06	29	24
974	4.49	2026-02-25 13:04:06.812672-06	30	24
975	1.49	2026-02-25 13:04:06.812672-06	31	24
976	3.99	2026-02-25 13:04:06.812672-06	41	24
977	2.59	2026-02-25 13:04:06.82232-06	32	24
978	3.79	2026-02-25 13:04:06.823375-06	33	24
979	0.69	2026-02-25 13:04:06.825408-06	1	25
980	2.79	2026-02-25 13:04:06.826326-06	2	25
981	4.99	2026-02-25 13:04:06.827332-06	34	25
982	1.79	2026-02-25 13:04:06.829303-06	3	25
983	1.69	2026-02-25 13:04:06.831427-06	4	25
984	2.09	2026-02-25 13:04:06.832391-06	5	25
985	3.59	2026-02-25 13:04:06.833413-06	6	25
986	4.19	2026-02-25 13:04:06.834889-06	7	25
987	1.29	2026-02-25 13:04:06.836274-06	8	25
988	2.49	2026-02-25 13:04:06.837286-06	9	25
989	0.79	2026-02-25 13:04:06.838352-06	10	25
990	2.49	2026-02-25 13:04:06.839369-06	11	25
991	1.49	2026-02-25 13:04:06.840367-06	12	25
992	0.99	2026-02-25 13:04:06.841884-06	13	25
993	2.09	2026-02-25 13:04:06.843892-06	35	25
994	2.09	2026-02-25 13:04:06.844893-06	36	25
995	1.99	2026-02-25 13:04:06.845897-06	14	25
996	1.39	2026-02-25 13:04:06.845897-06	15	25
997	0.59	2026-02-25 13:04:06.850986-06	16	25
998	2.49	2026-02-25 13:04:06.851987-06	17	25
999	2.29	2026-02-25 13:04:06.852986-06	18	25
1000	3.69	2026-02-25 13:04:06.853984-06	19	25
1001	3.69	2026-02-25 13:04:06.854985-06	37	25
1002	3.49	2026-02-25 13:04:06.857644-06	20	25
1003	2.19	2026-02-25 13:04:06.858531-06	21	25
1004	2.09	2026-02-25 13:04:06.85964-06	38	25
1005	1.49	2026-02-25 13:04:06.860629-06	22	25
1006	0.59	2026-02-25 13:04:06.862652-06	23	25
1007	0.99	2026-02-25 13:04:06.86532-06	24	25
1008	5.19	2026-02-25 13:04:06.866282-06	25	25
1009	6.09	2026-02-25 13:04:06.867282-06	39	25
1010	6.89	2026-02-25 13:04:06.868364-06	40	25
1011	1.19	2026-02-25 13:04:06.869414-06	26	25
1012	1.39	2026-02-25 13:04:06.871453-06	27	25
1013	1.19	2026-02-25 13:04:06.872143-06	28	25
1014	1.59	2026-02-25 13:04:06.873174-06	29	25
1015	4.49	2026-02-25 13:04:06.874169-06	30	25
1016	1.39	2026-02-25 13:04:06.875878-06	31	25
1017	4.19	2026-02-25 13:04:06.8776-06	41	25
1018	2.49	2026-02-25 13:04:06.878573-06	32	25
1019	3.79	2026-02-25 13:04:06.880976-06	33	25
1020	0.99	2026-02-25 13:04:06.883482-06	1	26
1021	2.89	2026-02-25 13:04:06.883482-06	2	26
1022	4.79	2026-02-25 13:04:06.883482-06	34	26
1023	1.89	2026-02-25 13:04:06.883482-06	3	26
1024	1.79	2026-02-25 13:04:06.883482-06	4	26
1025	1.89	2026-02-25 13:04:06.888835-06	5	26
1026	3.49	2026-02-25 13:04:06.889922-06	6	26
1027	4.09	2026-02-25 13:04:06.890947-06	7	26
1028	1.09	2026-02-25 13:04:06.891927-06	8	26
1029	2.59	2026-02-25 13:04:06.893547-06	9	26
1030	0.69	2026-02-25 13:04:06.895272-06	10	26
1031	2.59	2026-02-25 13:04:06.897304-06	11	26
1032	1.59	2026-02-25 13:04:06.899287-06	12	26
1033	0.99	2026-02-25 13:04:06.90003-06	13	26
1034	2.09	2026-02-25 13:04:06.90207-06	35	26
1035	2.09	2026-02-25 13:04:06.903081-06	36	26
1036	1.99	2026-02-25 13:04:06.904082-06	14	26
1037	1.29	2026-02-25 13:04:06.905037-06	15	26
1038	0.79	2026-02-25 13:04:06.905037-06	16	26
1039	2.29	2026-02-25 13:04:06.907427-06	17	26
1040	2.29	2026-02-25 13:04:06.908433-06	18	26
1041	3.79	2026-02-25 13:04:06.910462-06	19	26
1042	3.59	2026-02-25 13:04:06.911462-06	37	26
1043	3.39	2026-02-25 13:04:06.915048-06	20	26
1044	2.19	2026-02-25 13:04:06.916056-06	21	26
1045	1.99	2026-02-25 13:04:06.917054-06	38	26
1046	1.69	2026-02-25 13:04:06.918826-06	22	26
1047	0.59	2026-02-25 13:04:06.920346-06	23	26
1048	1.19	2026-02-25 13:04:06.920346-06	24	26
1049	5.09	2026-02-25 13:04:06.920346-06	25	26
1050	5.89	2026-02-25 13:04:06.920346-06	39	26
1051	7.09	2026-02-25 13:04:06.920346-06	40	26
1052	1.39	2026-02-25 13:04:06.92597-06	26	26
1053	1.39	2026-02-25 13:04:06.927062-06	27	26
1054	1.29	2026-02-25 13:04:06.928057-06	28	26
1055	1.59	2026-02-25 13:04:06.929396-06	29	26
1056	4.49	2026-02-25 13:04:06.929396-06	30	26
1057	1.29	2026-02-25 13:04:06.929396-06	31	26
1058	3.99	2026-02-25 13:04:06.936333-06	41	26
1059	2.49	2026-02-25 13:04:06.937449-06	32	26
1060	3.79	2026-02-25 13:04:06.93834-06	33	26
1061	0.59	2026-02-25 13:04:06.93934-06	1	27
1062	2.79	2026-02-25 13:04:06.93934-06	2	27
1063	4.69	2026-02-25 13:04:06.943234-06	34	27
1064	1.79	2026-02-25 13:04:06.9442-06	3	27
1065	1.79	2026-02-25 13:04:06.945153-06	4	27
1066	1.89	2026-02-25 13:04:06.946093-06	5	27
1067	3.49	2026-02-25 13:04:06.949377-06	6	27
1068	4.09	2026-02-25 13:04:06.950789-06	7	27
1069	1.29	2026-02-25 13:04:06.951797-06	8	27
1070	2.59	2026-02-25 13:04:06.952795-06	9	27
1071	0.89	2026-02-25 13:04:06.954725-06	10	27
1072	2.69	2026-02-25 13:04:06.956596-06	11	27
1073	1.59	2026-02-25 13:04:06.957596-06	12	27
1074	1.09	2026-02-25 13:04:06.958596-06	13	27
1075	2.09	2026-02-25 13:04:06.959597-06	35	27
1076	2.09	2026-02-25 13:04:06.960595-06	36	27
1077	1.89	2026-02-25 13:04:06.962747-06	14	27
1078	1.19	2026-02-25 13:04:06.96478-06	15	27
1079	0.69	2026-02-25 13:04:06.965779-06	16	27
1080	2.29	2026-02-25 13:04:06.967845-06	17	27
1081	2.19	2026-02-25 13:04:06.968587-06	18	27
1082	3.99	2026-02-25 13:04:06.969677-06	19	27
1083	3.79	2026-02-25 13:04:06.970862-06	37	27
1084	3.69	2026-02-25 13:04:06.971868-06	20	27
1085	2.29	2026-02-25 13:04:06.972869-06	21	27
1086	2.19	2026-02-25 13:04:06.974944-06	38	27
1087	1.59	2026-02-25 13:04:06.97605-06	22	27
1088	0.69	2026-02-25 13:04:06.976952-06	23	27
1089	0.89	2026-02-25 13:04:06.97795-06	24	27
1090	5.19	2026-02-25 13:04:06.979413-06	25	27
1091	6.09	2026-02-25 13:04:06.982844-06	39	27
1092	7.19	2026-02-25 13:04:06.983453-06	40	27
1093	1.49	2026-02-25 13:04:06.985556-06	26	27
1094	1.39	2026-02-25 13:04:06.986567-06	27	27
1095	1.29	2026-02-25 13:04:06.987461-06	28	27
1096	1.79	2026-02-25 13:04:06.989358-06	29	27
1097	4.39	2026-02-25 13:04:06.989988-06	30	27
1098	1.29	2026-02-25 13:04:06.991407-06	31	27
1099	3.99	2026-02-25 13:04:06.992418-06	41	27
1100	2.49	2026-02-25 13:04:06.993419-06	32	27
1101	3.59	2026-02-25 13:04:06.994417-06	33	27
1102	0.59	2026-02-25 13:04:06.998718-06	1	28
1103	2.69	2026-02-25 13:04:06.999322-06	2	28
1104	4.89	2026-02-25 13:04:07.001123-06	34	28
1105	1.79	2026-02-25 13:04:07.002518-06	3	28
1106	1.79	2026-02-25 13:04:07.003515-06	4	28
1107	1.89	2026-02-25 13:04:07.003515-06	5	28
1108	3.59	2026-02-25 13:04:07.003515-06	6	28
1109	4.09	2026-02-25 13:04:07.003515-06	7	28
1110	1.29	2026-02-25 13:04:07.008162-06	8	28
1111	2.39	2026-02-25 13:04:07.010365-06	9	28
1112	0.79	2026-02-25 13:04:07.01138-06	10	28
1113	2.59	2026-02-25 13:04:07.014872-06	11	28
1114	1.69	2026-02-25 13:04:07.016061-06	12	28
1115	0.99	2026-02-25 13:04:07.018112-06	13	28
1116	1.99	2026-02-25 13:04:07.019108-06	35	28
1117	2.09	2026-02-25 13:04:07.020066-06	36	28
1118	2.19	2026-02-25 13:04:07.020066-06	14	28
1119	1.29	2026-02-25 13:04:07.022863-06	15	28
1120	0.79	2026-02-25 13:04:07.023857-06	16	28
1121	2.39	2026-02-25 13:04:07.024857-06	17	28
1122	2.29	2026-02-25 13:04:07.025856-06	18	28
1123	3.59	2026-02-25 13:04:07.025856-06	19	28
1124	3.49	2026-02-25 13:04:07.027792-06	37	28
1125	3.49	2026-02-25 13:04:07.029554-06	20	28
1126	2.29	2026-02-25 13:04:07.031563-06	21	28
1127	2.09	2026-02-25 13:04:07.032426-06	38	28
1128	1.69	2026-02-25 13:04:07.034119-06	22	28
1129	0.69	2026-02-25 13:04:07.035204-06	23	28
1130	0.89	2026-02-25 13:04:07.036241-06	24	28
1131	4.99	2026-02-25 13:04:07.03724-06	25	28
1132	6.09	2026-02-25 13:04:07.038213-06	39	28
1133	7.09	2026-02-25 13:04:07.039213-06	40	28
1134	1.19	2026-02-25 13:04:07.040918-06	26	28
1135	1.19	2026-02-25 13:04:07.041952-06	27	28
1136	1.19	2026-02-25 13:04:07.042925-06	28	28
1137	1.79	2026-02-25 13:04:07.043943-06	29	28
1138	4.59	2026-02-25 13:04:07.044942-06	30	28
1139	1.29	2026-02-25 13:04:07.047042-06	31	28
1140	3.99	2026-02-25 13:04:07.049192-06	41	28
1141	2.69	2026-02-25 13:04:07.050164-06	32	28
1142	3.69	2026-02-25 13:04:07.051541-06	33	28
1143	0.89	2026-02-25 13:04:07.052894-06	1	29
1144	2.69	2026-02-25 13:04:07.052894-06	2	29
1145	4.79	2026-02-25 13:04:07.052894-06	34	29
1146	1.79	2026-02-25 13:04:07.052894-06	3	29
1147	1.99	2026-02-25 13:04:07.052894-06	4	29
1148	1.89	2026-02-25 13:04:07.058805-06	5	29
1149	3.49	2026-02-25 13:04:07.060828-06	6	29
1150	4.09	2026-02-25 13:04:07.062726-06	7	29
1151	1.19	2026-02-25 13:04:07.064908-06	8	29
1152	2.49	2026-02-25 13:04:07.066994-06	9	29
1153	0.79	2026-02-25 13:04:07.067947-06	10	29
1154	2.49	2026-02-25 13:04:07.068953-06	11	29
1155	1.59	2026-02-25 13:04:07.069819-06	12	29
1156	0.89	2026-02-25 13:04:07.070226-06	13	29
1157	2.09	2026-02-25 13:04:07.071462-06	35	29
1158	2.19	2026-02-25 13:04:07.072461-06	36	29
1159	2.09	2026-02-25 13:04:07.073464-06	14	29
1160	1.19	2026-02-25 13:04:07.074466-06	15	29
1161	0.79	2026-02-25 13:04:07.07628-06	16	29
1162	2.39	2026-02-25 13:04:07.077286-06	17	29
1163	2.19	2026-02-25 13:04:07.078284-06	18	29
1164	3.99	2026-02-25 13:04:07.080509-06	19	29
1165	3.49	2026-02-25 13:04:07.082655-06	37	29
1166	3.49	2026-02-25 13:04:07.083302-06	20	29
1167	2.19	2026-02-25 13:04:07.084555-06	21	29
1168	2.19	2026-02-25 13:04:07.085562-06	38	29
1169	1.69	2026-02-25 13:04:07.086562-06	22	29
1170	0.69	2026-02-25 13:04:07.087561-06	23	29
1171	0.89	2026-02-25 13:04:07.088561-06	24	29
1172	5.09	2026-02-25 13:04:07.090404-06	25	29
1173	5.89	2026-02-25 13:04:07.091402-06	39	29
1174	6.89	2026-02-25 13:04:07.092402-06	40	29
1175	1.29	2026-02-25 13:04:07.093402-06	26	29
1176	1.39	2026-02-25 13:04:07.094403-06	27	29
1177	1.49	2026-02-25 13:04:07.095596-06	28	29
1178	1.59	2026-02-25 13:04:07.098285-06	29	29
1179	4.49	2026-02-25 13:04:07.099282-06	30	29
1180	1.49	2026-02-25 13:04:07.100309-06	31	29
1181	3.89	2026-02-25 13:04:07.102387-06	41	29
1182	2.49	2026-02-25 13:04:07.103135-06	32	29
1183	3.59	2026-02-25 13:04:07.104197-06	33	29
1184	0.69	2026-02-25 13:04:07.106232-06	1	30
1185	2.79	2026-02-25 13:04:07.107141-06	2	30
1186	4.99	2026-02-25 13:04:07.108141-06	34	30
1187	1.89	2026-02-25 13:04:07.109894-06	3	30
1188	1.69	2026-02-25 13:04:07.1109-06	4	30
1189	1.59	2026-02-25 13:04:07.111898-06	5	30
1190	3.69	2026-02-25 13:04:07.113862-06	6	30
1191	4.09	2026-02-25 13:04:07.116122-06	7	30
1192	1.39	2026-02-25 13:04:07.117128-06	8	30
1193	2.59	2026-02-25 13:04:07.117913-06	9	30
1194	0.79	2026-02-25 13:04:07.118983-06	10	30
1195	2.59	2026-02-25 13:04:07.119988-06	11	30
1196	1.49	2026-02-25 13:04:07.120987-06	12	30
1197	0.99	2026-02-25 13:04:07.121987-06	13	30
1198	2.19	2026-02-25 13:04:07.123736-06	35	30
1199	1.99	2026-02-25 13:04:07.124735-06	36	30
1200	1.89	2026-02-25 13:04:07.125735-06	14	30
1201	1.09	2026-02-25 13:04:07.126754-06	15	30
1202	0.59	2026-02-25 13:04:07.127739-06	16	30
1203	2.39	2026-02-25 13:04:07.129407-06	17	30
1204	2.29	2026-02-25 13:04:07.131783-06	18	30
1205	3.79	2026-02-25 13:04:07.133763-06	19	30
1206	3.69	2026-02-25 13:04:07.134763-06	37	30
1207	3.59	2026-02-25 13:04:07.13666-06	20	30
1208	2.09	2026-02-25 13:04:07.137362-06	21	30
1209	1.99	2026-02-25 13:04:07.138429-06	38	30
1210	1.59	2026-02-25 13:04:07.139718-06	22	30
1211	0.79	2026-02-25 13:04:07.140726-06	23	30
1212	0.79	2026-02-25 13:04:07.141724-06	24	30
1213	5.09	2026-02-25 13:04:07.143486-06	25	30
1214	5.89	2026-02-25 13:04:07.144494-06	39	30
1215	7.09	2026-02-25 13:04:07.147162-06	40	30
1216	1.29	2026-02-25 13:04:07.148821-06	26	30
1217	1.19	2026-02-25 13:04:07.149656-06	27	30
1218	1.29	2026-02-25 13:04:07.150492-06	28	30
1219	1.49	2026-02-25 13:04:07.151512-06	29	30
1220	4.59	2026-02-25 13:04:07.152512-06	30	30
1221	1.39	2026-02-25 13:04:07.153512-06	31	30
1222	3.99	2026-02-25 13:04:07.154512-06	41	30
1223	2.59	2026-02-25 13:04:07.156287-06	32	30
1224	3.69	2026-02-25 13:04:07.157293-06	33	30
1225	0.69	2026-02-25 13:04:07.158292-06	1	31
1226	2.99	2026-02-25 13:04:07.159309-06	2	31
1227	4.69	2026-02-25 13:04:07.16032-06	34	31
1228	1.79	2026-02-25 13:04:07.162084-06	3	31
1229	1.79	2026-02-25 13:04:07.163877-06	4	31
1230	1.69	2026-02-25 13:04:07.165481-06	5	31
1231	3.59	2026-02-25 13:04:07.166517-06	6	31
1232	4.09	2026-02-25 13:04:07.167527-06	7	31
1233	1.19	2026-02-25 13:04:07.169405-06	8	31
1234	2.59	2026-02-25 13:04:07.170409-06	9	31
1235	0.79	2026-02-25 13:04:07.171409-06	10	31
1236	2.49	2026-02-25 13:04:07.172409-06	11	31
1237	1.49	2026-02-25 13:04:07.173409-06	12	31
1238	1.19	2026-02-25 13:04:07.174409-06	13	31
1239	2.09	2026-02-25 13:04:07.177082-06	35	31
1240	2.09	2026-02-25 13:04:07.178088-06	36	31
1241	2.09	2026-02-25 13:04:07.180659-06	14	31
1242	1.19	2026-02-25 13:04:07.181685-06	15	31
1243	0.79	2026-02-25 13:04:07.183895-06	16	31
1244	2.29	2026-02-25 13:04:07.185431-06	17	31
1245	2.29	2026-02-25 13:04:07.186533-06	18	31
1246	3.89	2026-02-25 13:04:07.187539-06	19	31
1247	3.59	2026-02-25 13:04:07.188527-06	37	31
1248	3.59	2026-02-25 13:04:07.190747-06	20	31
1249	2.39	2026-02-25 13:04:07.191788-06	21	31
1250	2.09	2026-02-25 13:04:07.192755-06	38	31
1251	1.59	2026-02-25 13:04:07.193753-06	22	31
1252	0.39	2026-02-25 13:04:07.194752-06	23	31
1253	0.99	2026-02-25 13:04:07.197813-06	24	31
1254	5.09	2026-02-25 13:04:07.199301-06	25	31
1255	6.09	2026-02-25 13:04:07.200301-06	39	31
1256	7.09	2026-02-25 13:04:07.201299-06	40	31
1257	1.29	2026-02-25 13:04:07.202299-06	26	31
1258	1.19	2026-02-25 13:04:07.20374-06	27	31
1259	1.39	2026-02-25 13:04:07.204247-06	28	31
1260	1.69	2026-02-25 13:04:07.205526-06	29	31
1261	4.49	2026-02-25 13:04:07.206538-06	30	31
1262	1.59	2026-02-25 13:04:07.207606-06	31	31
1263	4.09	2026-02-25 13:04:07.208946-06	41	31
1264	2.49	2026-02-25 13:04:07.208946-06	32	31
1265	3.89	2026-02-25 13:04:07.208946-06	33	31
1266	0.79	2026-02-25 13:04:07.21263-06	1	32
1267	2.79	2026-02-25 13:04:07.215465-06	2	32
1268	4.89	2026-02-25 13:04:07.216472-06	34	32
1269	2.09	2026-02-25 13:04:07.217472-06	3	32
1270	1.89	2026-02-25 13:04:07.218469-06	4	32
1271	1.89	2026-02-25 13:04:07.219469-06	5	32
1272	3.69	2026-02-25 13:04:07.220469-06	6	32
1273	4.09	2026-02-25 13:04:07.221914-06	7	32
1274	1.19	2026-02-25 13:04:07.222366-06	8	32
1275	2.49	2026-02-25 13:04:07.223379-06	9	32
1276	0.69	2026-02-25 13:04:07.224378-06	10	32
1277	2.49	2026-02-25 13:04:07.225378-06	11	32
1278	1.59	2026-02-25 13:04:07.226378-06	12	32
1279	1.09	2026-02-25 13:04:07.227378-06	13	32
1280	1.99	2026-02-25 13:04:07.23072-06	35	32
1281	2.09	2026-02-25 13:04:07.231728-06	36	32
1282	2.09	2026-02-25 13:04:07.233516-06	14	32
1283	1.09	2026-02-25 13:04:07.234341-06	15	32
1284	0.59	2026-02-25 13:04:07.236343-06	16	32
1285	2.49	2026-02-25 13:04:07.237343-06	17	32
1286	2.19	2026-02-25 13:04:07.237343-06	18	32
1287	3.79	2026-02-25 13:04:07.238343-06	19	32
1288	3.49	2026-02-25 13:04:07.240342-06	37	32
1289	3.49	2026-02-25 13:04:07.241197-06	20	32
1290	2.09	2026-02-25 13:04:07.24229-06	21	32
1291	2.19	2026-02-25 13:04:07.243469-06	38	32
1292	1.69	2026-02-25 13:04:07.244475-06	22	32
1293	0.69	2026-02-25 13:04:07.246271-06	23	32
1294	1.09	2026-02-25 13:04:07.248908-06	24	32
1295	4.99	2026-02-25 13:04:07.249916-06	25	32
1296	5.89	2026-02-25 13:04:07.250916-06	39	32
1297	6.89	2026-02-25 13:04:07.252934-06	40	32
1298	1.29	2026-02-25 13:04:07.253915-06	26	32
1299	1.39	2026-02-25 13:04:07.255111-06	27	32
1300	1.29	2026-02-25 13:04:07.256135-06	28	32
1301	1.39	2026-02-25 13:04:07.257116-06	29	32
1302	4.79	2026-02-25 13:04:07.258115-06	30	32
1303	1.29	2026-02-25 13:04:07.259117-06	31	32
1304	3.79	2026-02-25 13:04:07.260135-06	41	32
1305	2.49	2026-02-25 13:04:07.261232-06	32	32
1306	3.69	2026-02-25 13:04:07.262639-06	33	32
1307	0.79	2026-02-25 13:04:07.265776-06	1	33
1308	2.89	2026-02-25 13:04:07.266779-06	2	33
1309	4.79	2026-02-25 13:04:07.267778-06	34	33
1310	1.99	2026-02-25 13:04:07.268808-06	3	33
1311	1.79	2026-02-25 13:04:07.269807-06	4	33
1312	1.79	2026-02-25 13:04:07.270782-06	5	33
1313	3.49	2026-02-25 13:04:07.271782-06	6	33
1314	4.19	2026-02-25 13:04:07.273462-06	7	33
1315	1.39	2026-02-25 13:04:07.274468-06	8	33
1316	2.69	2026-02-25 13:04:07.275467-06	9	33
1317	0.89	2026-02-25 13:04:07.276467-06	10	33
1318	2.59	2026-02-25 13:04:07.277467-06	11	33
1319	1.39	2026-02-25 13:04:07.278904-06	12	33
1320	1.19	2026-02-25 13:04:07.281524-06	13	33
1321	1.99	2026-02-25 13:04:07.283032-06	35	33
1322	2.09	2026-02-25 13:04:07.284038-06	36	33
1323	2.09	2026-02-25 13:04:07.285037-06	14	33
1324	1.39	2026-02-25 13:04:07.286037-06	15	33
1325	0.79	2026-02-25 13:04:07.287056-06	16	33
1326	2.19	2026-02-25 13:04:07.288458-06	17	33
1327	2.19	2026-02-25 13:04:07.289803-06	18	33
1328	3.79	2026-02-25 13:04:07.290758-06	19	33
1329	3.59	2026-02-25 13:04:07.292781-06	37	33
1330	3.59	2026-02-25 13:04:07.293591-06	20	33
1331	2.39	2026-02-25 13:04:07.294092-06	21	33
1332	2.09	2026-02-25 13:04:07.297178-06	38	33
1333	1.59	2026-02-25 13:04:07.298186-06	22	33
1334	0.59	2026-02-25 13:04:07.300324-06	23	33
1335	1.19	2026-02-25 13:04:07.301336-06	24	33
1336	4.99	2026-02-25 13:04:07.30233-06	25	33
1337	5.89	2026-02-25 13:04:07.303329-06	39	33
1338	6.89	2026-02-25 13:04:07.304329-06	40	33
1339	1.49	2026-02-25 13:04:07.30533-06	26	33
1340	1.19	2026-02-25 13:04:07.30533-06	27	33
1341	1.19	2026-02-25 13:04:07.308006-06	28	33
1342	1.49	2026-02-25 13:04:07.309119-06	29	33
1343	4.39	2026-02-25 13:04:07.310128-06	30	33
1344	1.39	2026-02-25 13:04:07.311126-06	31	33
1345	4.09	2026-02-25 13:04:07.312988-06	41	33
1346	2.49	2026-02-25 13:04:07.315865-06	32	33
1347	3.79	2026-02-25 13:04:07.316865-06	33	33
1348	0.59	2026-02-25 13:04:07.317863-06	1	34
1349	2.89	2026-02-25 13:04:07.318862-06	2	34
1350	4.89	2026-02-25 13:04:07.319863-06	34	34
1351	1.79	2026-02-25 13:04:07.321727-06	3	34
1352	1.99	2026-02-25 13:04:07.322736-06	4	34
1353	1.69	2026-02-25 13:04:07.323735-06	5	34
1354	3.69	2026-02-25 13:04:07.324735-06	6	34
1355	3.89	2026-02-25 13:04:07.325733-06	7	34
1356	1.29	2026-02-25 13:04:07.326735-06	8	34
1357	2.59	2026-02-25 13:04:07.328256-06	9	34
1358	0.59	2026-02-25 13:04:07.330589-06	10	34
1359	2.49	2026-02-25 13:04:07.331663-06	11	34
1360	1.69	2026-02-25 13:04:07.33267-06	12	34
1361	0.99	2026-02-25 13:04:07.334674-06	13	34
1362	2.19	2026-02-25 13:04:07.335682-06	35	34
1363	1.99	2026-02-25 13:04:07.336679-06	36	34
1364	2.09	2026-02-25 13:04:07.337678-06	14	34
1365	1.19	2026-02-25 13:04:07.338497-06	15	34
1366	0.79	2026-02-25 13:04:07.339506-06	16	34
1367	2.49	2026-02-25 13:04:07.341352-06	17	34
1368	2.19	2026-02-25 13:04:07.341825-06	18	34
1369	3.69	2026-02-25 13:04:07.342834-06	19	34
1370	3.49	2026-02-25 13:04:07.343833-06	37	34
1371	3.59	2026-02-25 13:04:07.345833-06	20	34
1372	2.29	2026-02-25 13:04:07.348384-06	21	34
1373	2.09	2026-02-25 13:04:07.349396-06	38	34
1374	1.69	2026-02-25 13:04:07.351392-06	22	34
1375	0.69	2026-02-25 13:04:07.352392-06	23	34
1376	0.99	2026-02-25 13:04:07.353393-06	24	34
1377	5.19	2026-02-25 13:04:07.354913-06	25	34
1378	5.99	2026-02-25 13:04:07.35592-06	39	34
1379	6.99	2026-02-25 13:04:07.35692-06	40	34
1380	1.19	2026-02-25 13:04:07.358354-06	26	34
1381	1.29	2026-02-25 13:04:07.35936-06	27	34
1382	1.39	2026-02-25 13:04:07.361161-06	28	34
1383	1.59	2026-02-25 13:04:07.362613-06	29	34
1384	4.49	2026-02-25 13:04:07.364724-06	30	34
1385	1.39	2026-02-25 13:04:07.365748-06	31	34
1386	3.89	2026-02-25 13:04:07.367315-06	41	34
1387	2.49	2026-02-25 13:04:07.368322-06	32	34
1388	3.69	2026-02-25 13:04:07.36891-06	33	34
1389	0.79	2026-02-25 13:04:07.370934-06	1	35
1390	2.89	2026-02-25 13:04:07.371933-06	2	35
1391	4.79	2026-02-25 13:04:07.372679-06	34	35
1392	1.79	2026-02-25 13:04:07.373172-06	3	35
1393	1.99	2026-02-25 13:04:07.375436-06	4	35
1394	1.99	2026-02-25 13:04:07.375436-06	5	35
1395	3.59	2026-02-25 13:04:07.376435-06	6	35
1396	3.99	2026-02-25 13:04:07.378018-06	7	35
1397	1.29	2026-02-25 13:04:07.379286-06	8	35
1398	2.29	2026-02-25 13:04:07.379286-06	9	35
1399	0.59	2026-02-25 13:04:07.383154-06	10	35
1400	2.59	2026-02-25 13:04:07.383154-06	11	35
1401	1.69	2026-02-25 13:04:07.385414-06	12	35
1402	1.09	2026-02-25 13:04:07.386322-06	13	35
1403	2.19	2026-02-25 13:04:07.387289-06	35	35
1404	2.09	2026-02-25 13:04:07.388294-06	36	35
1405	1.79	2026-02-25 13:04:07.389293-06	14	35
1406	1.19	2026-02-25 13:04:07.39098-06	15	35
1407	0.79	2026-02-25 13:04:07.391985-06	16	35
1408	2.29	2026-02-25 13:04:07.392984-06	17	35
1409	2.29	2026-02-25 13:04:07.393984-06	18	35
1410	3.79	2026-02-25 13:04:07.394984-06	19	35
1411	3.39	2026-02-25 13:04:07.396007-06	37	35
1412	3.59	2026-02-25 13:04:07.399185-06	20	35
1413	2.19	2026-02-25 13:04:07.400165-06	21	35
1414	2.19	2026-02-25 13:04:07.401185-06	38	35
1415	1.49	2026-02-25 13:04:07.402185-06	22	35
1416	0.69	2026-02-25 13:04:07.404198-06	23	35
1417	0.99	2026-02-25 13:04:07.405225-06	24	35
1418	4.89	2026-02-25 13:04:07.406312-06	25	35
1419	6.09	2026-02-25 13:04:07.407321-06	39	35
1420	6.99	2026-02-25 13:04:07.408319-06	40	35
1421	1.29	2026-02-25 13:04:07.409318-06	26	35
1422	1.29	2026-02-25 13:04:07.411426-06	27	35
1423	1.29	2026-02-25 13:04:07.412444-06	28	35
1424	1.49	2026-02-25 13:04:07.414865-06	29	35
1425	4.69	2026-02-25 13:04:07.415828-06	30	35
1426	1.29	2026-02-25 13:04:07.417537-06	31	35
1427	3.99	2026-02-25 13:04:07.418452-06	41	35
1428	2.59	2026-02-25 13:04:07.419567-06	32	35
1429	3.69	2026-02-25 13:04:07.420575-06	33	35
1430	0.79	2026-02-25 13:04:07.422573-06	1	36
1431	2.69	2026-02-25 13:04:07.423573-06	2	36
1432	4.69	2026-02-25 13:04:07.425218-06	34	36
1433	1.99	2026-02-25 13:04:07.426222-06	3	36
1434	1.89	2026-02-25 13:04:07.427217-06	4	36
1435	1.79	2026-02-25 13:04:07.428217-06	5	36
1436	3.49	2026-02-25 13:04:07.429218-06	6	36
1437	3.99	2026-02-25 13:04:07.431778-06	7	36
1438	1.19	2026-02-25 13:04:07.433781-06	8	36
1439	2.59	2026-02-25 13:04:07.434779-06	9	36
1440	0.79	2026-02-25 13:04:07.435778-06	10	36
1441	2.69	2026-02-25 13:04:07.437553-06	11	36
1442	1.59	2026-02-25 13:04:07.438358-06	12	36
1443	0.99	2026-02-25 13:04:07.439444-06	13	36
1444	2.09	2026-02-25 13:04:07.440437-06	35	36
1445	2.09	2026-02-25 13:04:07.441449-06	36	36
1446	2.09	2026-02-25 13:04:07.442448-06	14	36
1447	1.09	2026-02-25 13:04:07.444398-06	15	36
1448	0.69	2026-02-25 13:04:07.446262-06	16	36
1449	2.29	2026-02-25 13:04:07.447833-06	17	36
1450	2.39	2026-02-25 13:04:07.44995-06	18	36
1451	3.89	2026-02-25 13:04:07.451412-06	19	36
1452	3.59	2026-02-25 13:04:07.452455-06	37	36
1453	3.59	2026-02-25 13:04:07.45342-06	20	36
1454	2.29	2026-02-25 13:04:07.454421-06	21	36
1455	2.09	2026-02-25 13:04:07.45542-06	38	36
1456	1.69	2026-02-25 13:04:07.45642-06	22	36
1457	0.59	2026-02-25 13:04:07.4584-06	23	36
1458	0.99	2026-02-25 13:04:07.45885-06	24	36
1459	4.99	2026-02-25 13:04:07.460116-06	25	36
1460	6.09	2026-02-25 13:04:07.461126-06	39	36
1461	6.89	2026-02-25 13:04:07.462732-06	40	36
1462	1.49	2026-02-25 13:04:07.46557-06	26	36
1463	1.19	2026-02-25 13:04:07.466073-06	27	36
1464	1.19	2026-02-25 13:04:07.467083-06	28	36
1465	1.59	2026-02-25 13:04:07.468081-06	29	36
1466	4.19	2026-02-25 13:04:07.469088-06	30	36
1467	1.39	2026-02-25 13:04:07.471086-06	31	36
1468	3.99	2026-02-25 13:04:07.472531-06	41	36
1469	2.59	2026-02-25 13:04:07.473538-06	32	36
1470	3.49	2026-02-25 13:04:07.474536-06	33	36
1471	0.69	2026-02-25 13:04:07.476536-06	1	37
1472	2.79	2026-02-25 13:04:07.477537-06	2	37
1473	4.79	2026-02-25 13:04:07.478924-06	34	37
1474	1.79	2026-02-25 13:04:07.481512-06	3	37
1475	1.69	2026-02-25 13:04:07.48302-06	4	37
1476	1.99	2026-02-25 13:04:07.484405-06	5	37
1477	3.59	2026-02-25 13:04:07.485281-06	6	37
1478	4.09	2026-02-25 13:04:07.486582-06	7	37
1479	1.19	2026-02-25 13:04:07.48759-06	8	37
1480	2.49	2026-02-25 13:04:07.488664-06	9	37
1481	0.69	2026-02-25 13:04:07.489607-06	10	37
1482	2.49	2026-02-25 13:04:07.491635-06	11	37
1483	1.59	2026-02-25 13:04:07.492642-06	12	37
1484	0.99	2026-02-25 13:04:07.49364-06	13	37
1485	1.89	2026-02-25 13:04:07.494641-06	35	37
1486	1.99	2026-02-25 13:04:07.496116-06	36	37
1487	2.09	2026-02-25 13:04:07.499209-06	14	37
1488	1.29	2026-02-25 13:04:07.500219-06	15	37
1489	0.89	2026-02-25 13:04:07.501226-06	16	37
1490	2.49	2026-02-25 13:04:07.502318-06	17	37
1491	2.29	2026-02-25 13:04:07.504152-06	18	37
1492	3.69	2026-02-25 13:04:07.505062-06	19	37
1493	3.59	2026-02-25 13:04:07.505839-06	37	37
1494	3.59	2026-02-25 13:04:07.507048-06	20	37
1495	2.19	2026-02-25 13:04:07.508056-06	21	37
1496	2.09	2026-02-25 13:04:07.509741-06	38	37
1497	1.59	2026-02-25 13:04:07.511127-06	22	37
1498	0.69	2026-02-25 13:04:07.512568-06	23	37
1499	0.99	2026-02-25 13:04:07.512568-06	24	37
1500	4.99	2026-02-25 13:04:07.512568-06	25	37
1501	5.99	2026-02-25 13:04:07.517752-06	39	37
1502	7.19	2026-02-25 13:04:07.51875-06	40	37
1503	1.29	2026-02-25 13:04:07.51975-06	26	37
1504	1.29	2026-02-25 13:04:07.520751-06	27	37
1505	1.39	2026-02-25 13:04:07.52175-06	28	37
1506	1.49	2026-02-25 13:04:07.524056-06	29	37
1507	4.39	2026-02-25 13:04:07.524863-06	30	37
1508	1.49	2026-02-25 13:04:07.525975-06	31	37
1509	3.99	2026-02-25 13:04:07.527981-06	41	37
1510	2.59	2026-02-25 13:04:07.529548-06	32	37
1511	3.79	2026-02-25 13:04:07.532395-06	33	37
1512	0.79	2026-02-25 13:04:07.533401-06	1	38
1513	2.79	2026-02-25 13:04:07.534417-06	2	38
1514	4.89	2026-02-25 13:04:07.536419-06	34	38
1515	1.89	2026-02-25 13:04:07.5374-06	3	38
1516	1.79	2026-02-25 13:04:07.538702-06	4	38
1517	1.79	2026-02-25 13:04:07.539708-06	5	38
1518	3.49	2026-02-25 13:04:07.540708-06	6	38
1519	4.09	2026-02-25 13:04:07.541831-06	7	38
1520	1.29	2026-02-25 13:04:07.542839-06	8	38
1521	2.59	2026-02-25 13:04:07.543838-06	9	38
1522	0.59	2026-02-25 13:04:07.546674-06	10	38
1523	2.49	2026-02-25 13:04:07.548669-06	11	38
1524	1.59	2026-02-25 13:04:07.549585-06	12	38
1525	0.99	2026-02-25 13:04:07.55059-06	13	38
1526	2.19	2026-02-25 13:04:07.552775-06	35	38
1527	1.89	2026-02-25 13:04:07.553406-06	36	38
1528	2.09	2026-02-25 13:04:07.554456-06	14	38
1529	1.19	2026-02-25 13:04:07.55546-06	15	38
1530	0.79	2026-02-25 13:04:07.556461-06	16	38
1531	2.39	2026-02-25 13:04:07.557459-06	17	38
1532	2.29	2026-02-25 13:04:07.559253-06	18	38
1533	3.79	2026-02-25 13:04:07.56026-06	19	38
1534	3.69	2026-02-25 13:04:07.561258-06	37	38
1535	3.39	2026-02-25 13:04:07.562842-06	20	38
1536	2.39	2026-02-25 13:04:07.566183-06	21	38
1537	1.89	2026-02-25 13:04:07.567189-06	38	38
1538	1.59	2026-02-25 13:04:07.568188-06	22	38
1539	0.59	2026-02-25 13:04:07.569191-06	23	38
1540	1.19	2026-02-25 13:04:07.570191-06	24	38
1541	4.99	2026-02-25 13:04:07.572191-06	25	38
1542	5.99	2026-02-25 13:04:07.572981-06	39	38
1543	7.09	2026-02-25 13:04:07.574084-06	40	38
1544	1.39	2026-02-25 13:04:07.575071-06	26	38
1545	1.09	2026-02-25 13:04:07.576077-06	27	38
1546	1.29	2026-02-25 13:04:07.577721-06	28	38
1547	1.49	2026-02-25 13:04:07.579324-06	29	38
1548	4.59	2026-02-25 13:04:07.581359-06	30	38
1549	1.39	2026-02-25 13:04:07.582865-06	31	38
1550	4.09	2026-02-25 13:04:07.583873-06	41	38
1551	2.79	2026-02-25 13:04:07.584703-06	32	38
1552	3.79	2026-02-25 13:04:07.586709-06	33	38
1553	0.59	2026-02-25 13:04:07.587708-06	1	39
1554	2.19	2026-02-25 13:04:07.588708-06	2	39
1555	3.89	2026-02-25 13:04:07.59046-06	34	39
1556	1.39	2026-02-25 13:04:07.591466-06	3	39
1557	1.49	2026-02-25 13:04:07.592466-06	4	39
1558	1.49	2026-02-25 13:04:07.593467-06	5	39
1559	2.79	2026-02-25 13:04:07.594466-06	6	39
1560	3.29	2026-02-25 13:04:07.596101-06	7	39
1561	0.89	2026-02-25 13:04:07.598961-06	8	39
1562	1.89	2026-02-25 13:04:07.599969-06	9	39
1563	0.59	2026-02-25 13:04:07.601121-06	10	39
1564	1.99	2026-02-25 13:04:07.602009-06	11	39
1565	1.29	2026-02-25 13:04:07.603015-06	12	39
1566	0.89	2026-02-25 13:04:07.604013-06	13	39
1567	1.69	2026-02-25 13:04:07.605862-06	35	39
1568	1.69	2026-02-25 13:04:07.606543-06	36	39
1569	1.59	2026-02-25 13:04:07.607549-06	14	39
1570	0.99	2026-02-25 13:04:07.608547-06	15	39
1571	0.49	2026-02-25 13:04:07.609569-06	16	39
1572	1.79	2026-02-25 13:04:07.610567-06	17	39
1573	1.79	2026-02-25 13:04:07.612893-06	18	39
1574	3.09	2026-02-25 13:04:07.614393-06	19	39
1575	2.69	2026-02-25 13:04:07.616427-06	37	39
1576	2.89	2026-02-25 13:04:07.617401-06	20	39
1577	1.69	2026-02-25 13:04:07.6184-06	21	39
1578	1.69	2026-02-25 13:04:07.619401-06	38	39
1579	1.49	2026-02-25 13:04:07.621054-06	22	39
1580	0.39	2026-02-25 13:04:07.622046-06	23	39
1581	0.89	2026-02-25 13:04:07.623055-06	24	39
1582	4.09	2026-02-25 13:04:07.623401-06	25	39
1583	4.79	2026-02-25 13:04:07.624408-06	39	39
1584	5.79	2026-02-25 13:04:07.626155-06	40	39
1585	0.99	2026-02-25 13:04:07.626732-06	26	39
1586	0.99	2026-02-25 13:04:07.627741-06	27	39
1587	1.09	2026-02-25 13:04:07.630356-06	28	39
1588	1.39	2026-02-25 13:04:07.631998-06	29	39
1589	3.59	2026-02-25 13:04:07.633157-06	30	39
1590	0.99	2026-02-25 13:04:07.634153-06	31	39
1591	2.99	2026-02-25 13:04:07.635154-06	41	39
1592	2.09	2026-02-25 13:04:07.636155-06	32	39
1593	2.99	2026-02-25 13:04:07.637927-06	33	39
1594	0.69	2026-02-25 13:04:07.638954-06	1	40
1595	2.29	2026-02-25 13:04:07.63995-06	2	40
1596	3.69	2026-02-25 13:04:07.640953-06	34	40
1597	1.49	2026-02-25 13:04:07.641952-06	3	40
1598	1.49	2026-02-25 13:04:07.642932-06	4	40
1599	1.39	2026-02-25 13:04:07.645202-06	5	40
1600	2.79	2026-02-25 13:04:07.647213-06	6	40
1601	3.09	2026-02-25 13:04:07.648331-06	7	40
1602	1.19	2026-02-25 13:04:07.650337-06	8	40
1603	1.99	2026-02-25 13:04:07.651534-06	9	40
1604	0.69	2026-02-25 13:04:07.65223-06	10	40
1605	2.19	2026-02-25 13:04:07.653241-06	11	40
1606	1.39	2026-02-25 13:04:07.654238-06	12	40
1607	0.89	2026-02-25 13:04:07.655237-06	13	40
1608	1.69	2026-02-25 13:04:07.656238-06	35	40
1609	1.69	2026-02-25 13:04:07.658106-06	36	40
1610	1.69	2026-02-25 13:04:07.659115-06	14	40
1611	0.89	2026-02-25 13:04:07.660112-06	15	40
1612	0.69	2026-02-25 13:04:07.661113-06	16	40
1613	1.99	2026-02-25 13:04:07.662757-06	17	40
1614	1.79	2026-02-25 13:04:07.665016-06	18	40
1615	2.99	2026-02-25 13:04:07.666023-06	19	40
1616	2.89	2026-02-25 13:04:07.667022-06	37	40
1617	2.99	2026-02-25 13:04:07.668119-06	20	40
1618	1.79	2026-02-25 13:04:07.669208-06	21	40
1619	1.79	2026-02-25 13:04:07.671056-06	38	40
1620	1.19	2026-02-25 13:04:07.671646-06	22	40
1621	0.59	2026-02-25 13:04:07.672671-06	23	40
1622	0.89	2026-02-25 13:04:07.67367-06	24	40
1623	4.09	2026-02-25 13:04:07.674671-06	25	40
1624	4.89	2026-02-25 13:04:07.67565-06	39	40
1625	5.59	2026-02-25 13:04:07.676651-06	40	40
1626	1.19	2026-02-25 13:04:07.678401-06	26	40
1627	0.89	2026-02-25 13:04:07.680494-06	27	40
1628	1.19	2026-02-25 13:04:07.681502-06	28	40
1629	1.19	2026-02-25 13:04:07.683489-06	29	40
1630	3.59	2026-02-25 13:04:07.684603-06	30	40
1631	1.19	2026-02-25 13:04:07.685604-06	31	40
1632	3.19	2026-02-25 13:04:07.686601-06	41	40
1633	2.09	2026-02-25 13:04:07.687601-06	32	40
1634	2.89	2026-02-25 13:04:07.688601-06	33	40
1635	0.49	2026-02-25 13:04:07.69019-06	1	41
1636	2.19	2026-02-25 13:04:07.691371-06	2	41
1637	3.89	2026-02-25 13:04:07.692425-06	34	41
1638	1.39	2026-02-25 13:04:07.693425-06	3	41
1639	1.49	2026-02-25 13:04:07.694425-06	4	41
1640	1.49	2026-02-25 13:04:07.696068-06	5	41
1641	2.79	2026-02-25 13:04:07.698779-06	6	41
1642	3.09	2026-02-25 13:04:07.69926-06	7	41
1643	0.99	2026-02-25 13:04:07.700288-06	8	41
1644	1.99	2026-02-25 13:04:07.701285-06	9	41
1645	0.49	2026-02-25 13:04:07.702285-06	10	41
1646	2.09	2026-02-25 13:04:07.703283-06	11	41
1647	1.29	2026-02-25 13:04:07.70507-06	12	41
1648	0.79	2026-02-25 13:04:07.706076-06	13	41
1649	1.59	2026-02-25 13:04:07.707075-06	35	41
1650	1.59	2026-02-25 13:04:07.708075-06	36	41
1651	1.69	2026-02-25 13:04:07.709076-06	14	41
1652	0.89	2026-02-25 13:04:07.710076-06	15	41
1653	0.49	2026-02-25 13:04:07.710076-06	16	41
1654	2.09	2026-02-25 13:04:07.713936-06	17	41
1655	1.89	2026-02-25 13:04:07.715339-06	18	41
1656	3.09	2026-02-25 13:04:07.71643-06	19	41
1657	2.79	2026-02-25 13:04:07.717434-06	37	41
1658	2.89	2026-02-25 13:04:07.717434-06	20	41
1659	1.79	2026-02-25 13:04:07.720876-06	21	41
1660	1.69	2026-02-25 13:04:07.721796-06	38	41
1661	1.39	2026-02-25 13:04:07.72436-06	22	41
1662	0.49	2026-02-25 13:04:07.725359-06	23	41
1663	0.79	2026-02-25 13:04:07.726581-06	24	41
1664	3.89	2026-02-25 13:04:07.727587-06	25	41
1665	4.89	2026-02-25 13:04:07.729986-06	39	41
1666	5.49	2026-02-25 13:04:07.73165-06	40	41
1667	0.99	2026-02-25 13:04:07.733645-06	26	41
1668	1.09	2026-02-25 13:04:07.734652-06	27	41
1669	0.99	2026-02-25 13:04:07.735653-06	28	41
1670	1.19	2026-02-25 13:04:07.736651-06	29	41
1671	3.59	2026-02-25 13:04:07.737652-06	30	41
1672	0.99	2026-02-25 13:04:07.739792-06	31	41
1673	3.39	2026-02-25 13:04:07.740845-06	41	41
1674	1.99	2026-02-25 13:04:07.741908-06	32	41
1675	3.09	2026-02-25 13:04:07.742986-06	33	41
1676	0.79	2026-02-25 13:04:07.745014-06	1	42
1677	2.79	2026-02-25 13:04:07.747835-06	2	42
1678	4.79	2026-02-25 13:04:07.748867-06	34	42
1679	1.89	2026-02-25 13:04:07.750884-06	3	42
1680	1.89	2026-02-25 13:04:07.751891-06	4	42
1681	1.89	2026-02-25 13:04:07.752916-06	5	42
1682	3.59	2026-02-25 13:04:07.752916-06	6	42
1683	4.09	2026-02-25 13:04:07.752916-06	7	42
1684	1.49	2026-02-25 13:04:07.752916-06	8	42
1685	2.39	2026-02-25 13:04:07.758384-06	9	42
1686	0.69	2026-02-25 13:04:07.759382-06	10	42
1687	2.59	2026-02-25 13:04:07.760259-06	11	42
1688	1.59	2026-02-25 13:04:07.761265-06	12	42
1689	1.09	2026-02-25 13:04:07.762994-06	13	42
1690	2.19	2026-02-25 13:04:07.765777-06	35	42
1691	2.19	2026-02-25 13:04:07.766707-06	36	42
1692	1.99	2026-02-25 13:04:07.768504-06	14	42
1693	1.39	2026-02-25 13:04:07.769888-06	15	42
1694	0.79	2026-02-25 13:04:07.769888-06	16	42
1695	2.19	2026-02-25 13:04:07.769888-06	17	42
1696	2.29	2026-02-25 13:04:07.769888-06	18	42
1697	3.99	2026-02-25 13:04:07.775079-06	19	42
1698	3.59	2026-02-25 13:04:07.776085-06	37	42
1699	3.79	2026-02-25 13:04:07.777086-06	20	42
1700	2.09	2026-02-25 13:04:07.778085-06	21	42
1701	1.89	2026-02-25 13:04:07.781301-06	38	42
1702	1.79	2026-02-25 13:04:07.783124-06	22	42
1703	0.59	2026-02-25 13:04:07.784131-06	23	42
1704	1.09	2026-02-25 13:04:07.78499-06	24	42
1705	5.09	2026-02-25 13:04:07.785997-06	25	42
1706	6.09	2026-02-25 13:04:07.787812-06	39	42
1707	6.99	2026-02-25 13:04:07.788876-06	40	42
1708	1.39	2026-02-25 13:04:07.789819-06	26	42
1709	1.29	2026-02-25 13:04:07.790817-06	27	42
1710	1.39	2026-02-25 13:04:07.791817-06	28	42
1711	1.59	2026-02-25 13:04:07.792817-06	29	42
1712	4.39	2026-02-25 13:04:07.794852-06	30	42
1713	1.59	2026-02-25 13:04:07.797311-06	31	42
1714	4.09	2026-02-25 13:04:07.798321-06	41	42
1715	2.49	2026-02-25 13:04:07.79932-06	32	42
1716	3.69	2026-02-25 13:04:07.801552-06	33	42
1717	0.69	2026-02-25 13:04:07.802559-06	1	43
1718	2.89	2026-02-25 13:04:07.803558-06	2	43
1719	4.79	2026-02-25 13:04:07.80556-06	34	43
1720	1.79	2026-02-25 13:04:07.80656-06	3	43
1721	1.89	2026-02-25 13:04:07.807891-06	4	43
1722	1.69	2026-02-25 13:04:07.808897-06	5	43
1723	3.29	2026-02-25 13:04:07.809896-06	6	43
1724	3.89	2026-02-25 13:04:07.810897-06	7	43
1725	1.39	2026-02-25 13:04:07.812865-06	8	43
1726	2.39	2026-02-25 13:04:07.815858-06	9	43
1727	0.89	2026-02-25 13:04:07.816703-06	10	43
1728	2.49	2026-02-25 13:04:07.817778-06	11	43
1729	1.69	2026-02-25 13:04:07.81879-06	12	43
1730	1.09	2026-02-25 13:04:07.8198-06	13	43
1731	1.99	2026-02-25 13:04:07.820802-06	35	43
1732	1.99	2026-02-25 13:04:07.822747-06	36	43
1733	1.89	2026-02-25 13:04:07.823452-06	14	43
1734	1.39	2026-02-25 13:04:07.82446-06	15	43
1735	0.89	2026-02-25 13:04:07.825461-06	16	43
1736	2.19	2026-02-25 13:04:07.826473-06	17	43
1737	2.39	2026-02-25 13:04:07.827464-06	18	43
1738	3.99	2026-02-25 13:04:07.829426-06	19	43
1739	3.39	2026-02-25 13:04:07.83196-06	37	43
1740	3.39	2026-02-25 13:04:07.832957-06	20	43
1741	2.29	2026-02-25 13:04:07.834046-06	21	43
1742	1.99	2026-02-25 13:04:07.834977-06	38	43
1743	1.59	2026-02-25 13:04:07.835971-06	22	43
1744	0.59	2026-02-25 13:04:07.837885-06	23	43
1745	1.09	2026-02-25 13:04:07.838883-06	24	43
1746	5.19	2026-02-25 13:04:07.839907-06	25	43
1747	6.09	2026-02-25 13:04:07.84035-06	39	43
1748	6.89	2026-02-25 13:04:07.841361-06	40	43
1749	1.19	2026-02-25 13:04:07.84236-06	26	43
1750	1.29	2026-02-25 13:04:07.843788-06	27	43
1751	1.29	2026-02-25 13:04:07.844796-06	28	43
1752	1.39	2026-02-25 13:04:07.847229-06	29	43
1753	4.39	2026-02-25 13:04:07.848659-06	30	43
1754	1.29	2026-02-25 13:04:07.848659-06	31	43
1755	4.09	2026-02-25 13:04:07.848659-06	41	43
1756	2.39	2026-02-25 13:04:07.848659-06	32	43
1757	3.69	2026-02-25 13:04:07.848659-06	33	43
1758	0.59	2026-02-25 13:04:07.848659-06	1	44
1759	2.79	2026-02-25 13:04:07.848659-06	2	44
1760	4.89	2026-02-25 13:04:07.856313-06	34	44
1761	1.99	2026-02-25 13:04:07.85755-06	3	44
1762	1.79	2026-02-25 13:04:07.858553-06	4	44
1763	1.69	2026-02-25 13:04:07.859558-06	5	44
1764	3.49	2026-02-25 13:04:07.860557-06	6	44
1765	4.09	2026-02-25 13:04:07.862239-06	7	44
1766	1.39	2026-02-25 13:04:07.864835-06	8	44
1767	2.49	2026-02-25 13:04:07.86583-06	9	44
1768	0.79	2026-02-25 13:04:07.866831-06	10	44
1769	2.59	2026-02-25 13:04:07.86783-06	11	44
1770	1.69	2026-02-25 13:04:07.869897-06	12	44
1771	0.99	2026-02-25 13:04:07.870902-06	13	44
1772	2.09	2026-02-25 13:04:07.871902-06	35	44
1773	1.89	2026-02-25 13:04:07.872901-06	36	44
1774	1.89	2026-02-25 13:04:07.873901-06	14	44
1775	1.19	2026-02-25 13:04:07.874901-06	15	44
1776	0.89	2026-02-25 13:04:07.876228-06	16	44
1777	2.39	2026-02-25 13:04:07.87664-06	17	44
1778	2.39	2026-02-25 13:04:07.877665-06	18	44
1779	3.99	2026-02-25 13:04:07.879267-06	19	44
1780	3.59	2026-02-25 13:04:07.882745-06	37	44
1781	3.69	2026-02-25 13:04:07.883367-06	20	44
1782	2.29	2026-02-25 13:04:07.884367-06	21	44
1783	2.19	2026-02-25 13:04:07.885376-06	38	44
1784	1.59	2026-02-25 13:04:07.886372-06	22	44
1785	0.49	2026-02-25 13:04:07.887371-06	23	44
1786	0.89	2026-02-25 13:04:07.88947-06	24	44
1787	4.99	2026-02-25 13:04:07.890476-06	25	44
1788	6.09	2026-02-25 13:04:07.891474-06	39	44
1789	7.09	2026-02-25 13:04:07.892475-06	40	44
1790	1.39	2026-02-25 13:04:07.893475-06	26	44
1791	1.29	2026-02-25 13:04:07.894495-06	27	44
1792	1.19	2026-02-25 13:04:07.895916-06	28	44
1793	1.59	2026-02-25 13:04:07.897525-06	29	44
1794	4.59	2026-02-25 13:04:07.899532-06	30	44
1795	1.29	2026-02-25 13:04:07.900531-06	31	44
1796	4.09	2026-02-25 13:04:07.901279-06	41	44
1797	2.59	2026-02-25 13:04:07.902687-06	32	44
1798	3.59	2026-02-25 13:04:07.903151-06	33	44
1799	0.69	2026-02-25 13:04:07.905549-06	1	45
1800	2.79	2026-02-25 13:04:07.906526-06	2	45
1801	4.79	2026-02-25 13:04:07.907526-06	34	45
1802	1.69	2026-02-25 13:04:07.908363-06	3	45
1803	1.89	2026-02-25 13:04:07.910044-06	4	45
1804	1.89	2026-02-25 13:04:07.911025-06	5	45
1805	3.69	2026-02-25 13:04:07.912594-06	6	45
1806	4.19	2026-02-25 13:04:07.914911-06	7	45
1807	1.29	2026-02-25 13:04:07.915918-06	8	45
1808	2.49	2026-02-25 13:04:07.916929-06	9	45
1809	0.89	2026-02-25 13:04:07.917938-06	10	45
1810	2.59	2026-02-25 13:04:07.91893-06	11	45
1811	1.69	2026-02-25 13:04:07.919917-06	12	45
1812	1.19	2026-02-25 13:04:07.919917-06	13	45
1813	1.99	2026-02-25 13:04:07.922479-06	35	45
1814	2.09	2026-02-25 13:04:07.923371-06	36	45
1815	1.99	2026-02-25 13:04:07.924375-06	14	45
1816	1.19	2026-02-25 13:04:07.925374-06	15	45
1817	0.69	2026-02-25 13:04:07.926374-06	16	45
1818	2.19	2026-02-25 13:04:07.927921-06	17	45
1819	2.29	2026-02-25 13:04:07.929256-06	18	45
1820	3.89	2026-02-25 13:04:07.931384-06	19	45
1821	3.59	2026-02-25 13:04:07.932848-06	37	45
1822	3.49	2026-02-25 13:04:07.934534-06	20	45
1823	2.29	2026-02-25 13:04:07.935535-06	21	45
1824	2.09	2026-02-25 13:04:07.936513-06	38	45
1825	1.79	2026-02-25 13:04:07.937533-06	22	45
1826	0.59	2026-02-25 13:04:07.938534-06	23	45
1827	1.09	2026-02-25 13:04:07.939585-06	24	45
1828	5.19	2026-02-25 13:04:07.940224-06	25	45
1829	6.09	2026-02-25 13:04:07.941135-06	39	45
1830	6.99	2026-02-25 13:04:07.942139-06	40	45
1831	1.09	2026-02-25 13:04:07.943138-06	26	45
1832	1.29	2026-02-25 13:04:07.944138-06	27	45
1833	1.19	2026-02-25 13:04:07.946073-06	28	45
1834	1.49	2026-02-25 13:04:07.94844-06	29	45
1835	4.49	2026-02-25 13:04:07.949436-06	30	45
1836	1.29	2026-02-25 13:04:07.95044-06	31	45
1837	3.99	2026-02-25 13:04:07.952434-06	41	45
1838	2.59	2026-02-25 13:04:07.953598-06	32	45
1839	3.89	2026-02-25 13:04:07.954604-06	33	45
1840	0.69	2026-02-25 13:04:07.956603-06	1	46
1841	2.79	2026-02-25 13:04:07.957603-06	2	46
1842	4.89	2026-02-25 13:04:07.958603-06	34	46
1843	1.99	2026-02-25 13:04:07.959988-06	3	46
1844	1.89	2026-02-25 13:04:07.960995-06	4	46
1845	1.79	2026-02-25 13:04:07.962715-06	5	46
1846	3.59	2026-02-25 13:04:07.965003-06	6	46
1847	4.19	2026-02-25 13:04:07.967052-06	7	46
1848	1.29	2026-02-25 13:04:07.968146-06	8	46
1849	2.39	2026-02-25 13:04:07.969153-06	9	46
1850	0.79	2026-02-25 13:04:07.96986-06	10	46
1851	2.49	2026-02-25 13:04:07.970866-06	11	46
1852	1.59	2026-02-25 13:04:07.971864-06	12	46
1853	1.09	2026-02-25 13:04:07.973584-06	13	46
1854	2.09	2026-02-25 13:04:07.97459-06	35	46
1855	2.19	2026-02-25 13:04:07.975588-06	36	46
1856	2.09	2026-02-25 13:04:07.976588-06	14	46
1857	1.29	2026-02-25 13:04:07.977588-06	15	46
1858	0.69	2026-02-25 13:04:07.97947-06	16	46
1859	2.29	2026-02-25 13:04:07.981897-06	17	46
1860	2.09	2026-02-25 13:04:07.983403-06	18	46
1861	3.59	2026-02-25 13:04:07.984409-06	19	46
1862	3.49	2026-02-25 13:04:07.985408-06	37	46
1863	3.59	2026-02-25 13:04:07.986408-06	20	46
1864	2.29	2026-02-25 13:04:07.987408-06	21	46
1865	2.09	2026-02-25 13:04:07.988874-06	38	46
1866	1.69	2026-02-25 13:04:07.989888-06	22	46
1867	0.69	2026-02-25 13:04:07.990957-06	23	46
1868	1.29	2026-02-25 13:04:07.991975-06	24	46
1869	4.99	2026-02-25 13:04:07.992969-06	25	46
1870	6.29	2026-02-25 13:04:07.995155-06	39	46
1871	6.99	2026-02-25 13:04:07.997031-06	40	46
1872	1.49	2026-02-25 13:04:07.999309-06	26	46
1873	1.19	2026-02-25 13:04:08.000305-06	27	46
1874	1.49	2026-02-25 13:04:08.003148-06	28	46
1875	1.49	2026-02-25 13:04:08.004156-06	29	46
1876	4.59	2026-02-25 13:04:08.005155-06	30	46
1877	1.49	2026-02-25 13:04:08.006155-06	31	46
1878	3.99	2026-02-25 13:04:08.007154-06	41	46
1879	2.59	2026-02-25 13:04:08.009086-06	32	46
1880	3.59	2026-02-25 13:04:08.010093-06	33	46
1881	0.79	2026-02-25 13:04:08.01262-06	1	47
1882	2.89	2026-02-25 13:04:08.01511-06	2	47
1883	4.99	2026-02-25 13:04:08.015586-06	34	47
1884	1.89	2026-02-25 13:04:08.017077-06	3	47
1885	1.79	2026-02-25 13:04:08.018089-06	4	47
1886	1.69	2026-02-25 13:04:08.019087-06	5	47
1887	3.59	2026-02-25 13:04:08.020087-06	6	47
1888	3.99	2026-02-25 13:04:08.021087-06	7	47
1889	1.29	2026-02-25 13:04:08.022753-06	8	47
1890	2.59	2026-02-25 13:04:08.023727-06	9	47
1891	0.59	2026-02-25 13:04:08.024726-06	10	47
1892	2.69	2026-02-25 13:04:08.025726-06	11	47
1893	1.59	2026-02-25 13:04:08.025726-06	12	47
1894	0.99	2026-02-25 13:04:08.02782-06	13	47
1895	1.89	2026-02-25 13:04:08.029403-06	35	47
1896	1.89	2026-02-25 13:04:08.031542-06	36	47
1897	2.09	2026-02-25 13:04:08.032515-06	14	47
1898	1.29	2026-02-25 13:04:08.03433-06	15	47
1899	0.79	2026-02-25 13:04:08.035357-06	16	47
1900	2.29	2026-02-25 13:04:08.035982-06	17	47
1901	2.19	2026-02-25 13:04:08.037245-06	18	47
1902	3.79	2026-02-25 13:04:08.038256-06	19	47
1903	3.39	2026-02-25 13:04:08.039256-06	37	47
1904	3.39	2026-02-25 13:04:08.040257-06	20	47
1905	2.39	2026-02-25 13:04:08.040693-06	21	47
1906	2.19	2026-02-25 13:04:08.041968-06	38	47
1907	1.89	2026-02-25 13:04:08.043948-06	22	47
1908	0.69	2026-02-25 13:04:08.045953-06	23	47
1909	0.99	2026-02-25 13:04:08.04804-06	24	47
1910	4.89	2026-02-25 13:04:08.049047-06	25	47
1911	5.89	2026-02-25 13:04:08.050045-06	39	47
1912	7.19	2026-02-25 13:04:08.051046-06	40	47
1913	1.49	2026-02-25 13:04:08.052045-06	26	47
1914	1.49	2026-02-25 13:04:08.053045-06	27	47
1915	1.29	2026-02-25 13:04:08.055039-06	28	47
1916	1.49	2026-02-25 13:04:08.055474-06	29	47
1917	4.49	2026-02-25 13:04:08.056832-06	30	47
1918	1.29	2026-02-25 13:04:08.057694-06	31	47
1919	3.99	2026-02-25 13:04:08.058699-06	41	47
1920	2.39	2026-02-25 13:04:08.059698-06	32	47
1921	3.79	2026-02-25 13:04:08.06132-06	33	47
1922	0.79	2026-02-25 13:04:08.063848-06	1	48
1923	3.39	2026-02-25 13:04:08.066136-06	2	48
1924	5.99	2026-02-25 13:04:08.067143-06	34	48
1925	2.49	2026-02-25 13:04:08.067143-06	3	48
1926	2.09	2026-02-25 13:04:08.067143-06	4	48
1927	2.09	2026-02-25 13:04:08.067143-06	5	48
1928	4.29	2026-02-25 13:04:08.067143-06	6	48
1929	4.69	2026-02-25 13:04:08.072671-06	7	48
1930	1.69	2026-02-25 13:04:08.073677-06	8	48
1931	2.89	2026-02-25 13:04:08.07423-06	9	48
1932	0.79	2026-02-25 13:04:08.075029-06	10	48
1933	3.09	2026-02-25 13:04:08.076033-06	11	48
1934	1.79	2026-02-25 13:04:08.077034-06	12	48
1935	1.29	2026-02-25 13:04:08.078898-06	13	48
1936	2.39	2026-02-25 13:04:08.081496-06	35	48
1937	2.39	2026-02-25 13:04:08.082494-06	36	48
1938	2.39	2026-02-25 13:04:08.083475-06	14	48
1939	1.59	2026-02-25 13:04:08.085377-06	15	48
1940	0.89	2026-02-25 13:04:08.086408-06	16	48
1941	2.89	2026-02-25 13:04:08.087382-06	17	48
1942	2.79	2026-02-25 13:04:08.088382-06	18	48
1943	4.69	2026-02-25 13:04:08.089414-06	19	48
1944	4.39	2026-02-25 13:04:08.090402-06	37	48
1945	4.29	2026-02-25 13:04:08.090402-06	20	48
1946	2.59	2026-02-25 13:04:08.093345-06	21	48
1947	2.49	2026-02-25 13:04:08.094351-06	38	48
1948	1.99	2026-02-25 13:04:08.097221-06	22	48
1949	0.79	2026-02-25 13:04:08.09952-06	23	48
1950	1.09	2026-02-25 13:04:08.100529-06	24	48
1951	6.09	2026-02-25 13:04:08.101645-06	25	48
1952	7.19	2026-02-25 13:04:08.102664-06	39	48
1953	8.59	2026-02-25 13:04:08.103663-06	40	48
1954	1.39	2026-02-25 13:04:08.104662-06	26	48
1955	1.39	2026-02-25 13:04:08.106915-06	27	48
1956	1.79	2026-02-25 13:04:08.107923-06	28	48
1957	1.79	2026-02-25 13:04:08.108922-06	29	48
1958	5.49	2026-02-25 13:04:08.109921-06	30	48
1959	1.79	2026-02-25 13:04:08.110921-06	31	48
1960	4.79	2026-02-25 13:04:08.111922-06	41	48
1961	3.09	2026-02-25 13:04:08.114536-06	32	48
1962	4.39	2026-02-25 13:04:08.115543-06	33	48
1963	0.69	2026-02-25 13:04:08.117889-06	1	49
1964	3.59	2026-02-25 13:04:08.119118-06	2	49
1965	5.59	2026-02-25 13:04:08.119118-06	34	49
1966	1.89	2026-02-25 13:04:08.119118-06	3	49
1967	2.19	2026-02-25 13:04:08.119118-06	4	49
1968	2.29	2026-02-25 13:04:08.119118-06	5	49
1969	4.29	2026-02-25 13:04:08.119118-06	6	49
1970	4.89	2026-02-25 13:04:08.119118-06	7	49
1971	1.49	2026-02-25 13:04:08.127361-06	8	49
1972	2.99	2026-02-25 13:04:08.128359-06	9	49
1973	0.99	2026-02-25 13:04:08.130505-06	10	49
1974	3.19	2026-02-25 13:04:08.13273-06	11	49
1975	1.99	2026-02-25 13:04:08.133736-06	12	49
1976	1.19	2026-02-25 13:04:08.135011-06	13	49
1977	2.49	2026-02-25 13:04:08.136017-06	35	49
1978	2.49	2026-02-25 13:04:08.137028-06	36	49
1979	2.39	2026-02-25 13:04:08.138047-06	14	49
1980	1.49	2026-02-25 13:04:08.139337-06	15	49
1981	0.99	2026-02-25 13:04:08.141559-06	16	49
1982	2.89	2026-02-25 13:04:08.142482-06	17	49
1983	2.59	2026-02-25 13:04:08.143482-06	18	49
1984	4.49	2026-02-25 13:04:08.145021-06	19	49
1985	4.29	2026-02-25 13:04:08.147271-06	37	49
1986	4.19	2026-02-25 13:04:08.148278-06	20	49
1987	2.69	2026-02-25 13:04:08.149277-06	21	49
1988	2.59	2026-02-25 13:04:08.151396-06	38	49
1989	1.99	2026-02-25 13:04:08.152162-06	22	49
1990	0.89	2026-02-25 13:04:08.153173-06	23	49
1991	1.29	2026-02-25 13:04:08.154173-06	24	49
1992	6.09	2026-02-25 13:04:08.155172-06	25	49
1993	7.19	2026-02-25 13:04:08.156173-06	39	49
1994	8.39	2026-02-25 13:04:08.157174-06	40	49
1995	1.59	2026-02-25 13:04:08.158712-06	26	49
1996	1.49	2026-02-25 13:04:08.159719-06	27	49
1997	1.49	2026-02-25 13:04:08.160718-06	28	49
1998	1.89	2026-02-25 13:04:08.161718-06	29	49
1999	5.49	2026-02-25 13:04:08.162582-06	30	49
2000	1.79	2026-02-25 13:04:08.165639-06	31	49
2001	5.09	2026-02-25 13:04:08.166646-06	41	49
2002	2.79	2026-02-25 13:04:08.167643-06	32	49
2003	4.69	2026-02-25 13:04:08.168644-06	33	49
2004	0.89	2026-02-25 13:04:08.17056-06	1	50
2005	2.79	2026-02-25 13:04:08.171506-06	2	50
2006	4.79	2026-02-25 13:04:08.171966-06	34	50
2007	1.89	2026-02-25 13:04:08.173516-06	3	50
2008	1.89	2026-02-25 13:04:08.174372-06	4	50
2009	1.79	2026-02-25 13:04:08.175376-06	5	50
2010	3.69	2026-02-25 13:04:08.176701-06	6	50
2011	3.89	2026-02-25 13:04:08.176701-06	7	50
2012	1.39	2026-02-25 13:04:08.17931-06	8	50
2013	2.69	2026-02-25 13:04:08.17931-06	9	50
2014	0.59	2026-02-25 13:04:08.183175-06	10	50
2015	2.49	2026-02-25 13:04:08.183681-06	11	50
2016	1.59	2026-02-25 13:04:08.184704-06	12	50
2017	1.19	2026-02-25 13:04:08.185705-06	13	50
2018	2.19	2026-02-25 13:04:08.186707-06	35	50
2019	1.89	2026-02-25 13:04:08.187694-06	36	50
2020	2.09	2026-02-25 13:04:08.189526-06	14	50
2021	1.49	2026-02-25 13:04:08.190533-06	15	50
2022	0.59	2026-02-25 13:04:08.191219-06	16	50
2023	2.19	2026-02-25 13:04:08.192232-06	17	50
2024	2.09	2026-02-25 13:04:08.193233-06	18	50
2025	3.89	2026-02-25 13:04:08.194231-06	19	50
2026	3.49	2026-02-25 13:04:08.196154-06	37	50
2027	3.49	2026-02-25 13:04:08.198074-06	20	50
2028	2.19	2026-02-25 13:04:08.198991-06	21	50
2029	1.79	2026-02-25 13:04:08.200019-06	38	50
2030	1.69	2026-02-25 13:04:08.201019-06	22	50
2031	0.69	2026-02-25 13:04:08.202658-06	23	50
2032	1.19	2026-02-25 13:04:08.204466-06	24	50
2033	5.09	2026-02-25 13:04:08.205462-06	25	50
2034	6.09	2026-02-25 13:04:08.20646-06	39	50
2035	6.89	2026-02-25 13:04:08.208068-06	40	50
2036	1.39	2026-02-25 13:04:08.209074-06	26	50
2037	1.19	2026-02-25 13:04:08.209074-06	27	50
2038	1.19	2026-02-25 13:04:08.209074-06	28	50
2039	1.69	2026-02-25 13:04:08.212224-06	29	50
2040	4.59	2026-02-25 13:04:08.21419-06	30	50
2041	1.29	2026-02-25 13:04:08.215868-06	31	50
2042	4.09	2026-02-25 13:04:08.216947-06	41	50
2043	2.49	2026-02-25 13:04:08.217982-06	32	50
2044	3.89	2026-02-25 13:04:08.219507-06	33	50
2048	1.79	2026-03-07 13:12:05.657401-06	4	1
2049	3.49	2026-03-07 13:12:07.523191-06	6	1
2050	3.99	2026-03-07 13:12:08.406372-06	7	1
2051	1.25	2026-03-07 13:12:09.640157-06	8	1
2055	2.00	2026-03-07 13:12:17.707298-06	14	1
2056	1.19	2026-03-07 13:12:18.660874-06	15	1
2057	0.99	2026-03-07 13:12:19.7402-06	16	1
2058	2.49	2026-03-07 13:12:21.707464-06	18	1
2059	3.79	2026-03-07 13:12:22.673578-06	19	1
2063	1.59	2026-03-07 13:12:27.523036-06	22	1
2064	0.79	2026-03-07 13:12:28.490081-06	23	1
2069	1.25	2026-03-07 13:12:34.007486-06	26	1
2070	1.25	2026-03-07 13:12:35.089461-06	27	1
2071	1.25	2026-03-07 13:12:36.135008-06	28	1
2072	1.49	2026-03-07 13:12:37.17773-06	29	1
2077	3.69	2026-03-07 13:12:41.939354-06	33	1
2078	0.79	2026-03-07 13:31:07.240138-06	1	2
2079	2.79	2026-03-07 13:31:07.254566-06	2	2
2080	4.79	2026-03-07 13:31:07.257563-06	34	2
2081	1.89	2026-03-07 13:31:07.257881-06	3	2
2082	1.99	2026-03-07 13:31:07.262027-06	4	2
2083	1.79	2026-03-07 13:31:07.266552-06	5	2
2084	3.49	2026-03-07 13:31:07.270204-06	6	2
2085	3.99	2026-03-07 13:31:07.272212-06	7	2
2086	1.49	2026-03-07 13:31:07.274522-06	8	2
2087	2.59	2026-03-07 13:31:07.275529-06	9	2
2088	0.59	2026-03-07 13:31:07.281815-06	10	2
2089	2.39	2026-03-07 13:31:07.283758-06	11	2
2090	1.69	2026-03-07 13:31:07.285818-06	12	2
2091	0.99	2026-03-07 13:31:07.287924-06	13	2
2092	2.19	2026-03-07 13:31:07.290921-06	35	2
2093	2.19	2026-03-07 13:31:07.294368-06	36	2
2094	1.99	2026-03-07 13:31:07.296366-06	14	2
2095	1.29	2026-03-07 13:31:07.298366-06	15	2
2096	0.79	2026-03-07 13:31:07.30037-06	16	2
2097	2.49	2026-03-07 13:31:07.303368-06	17	2
2098	2.19	2026-03-07 13:31:07.306369-06	18	2
2099	3.89	2026-03-07 13:31:07.308365-06	19	2
2100	3.59	2026-03-07 13:31:07.310714-06	37	2
2101	3.59	2026-03-07 13:31:07.310714-06	20	2
2102	2.29	2026-03-07 13:31:07.310714-06	21	2
2103	2.09	2026-03-07 13:31:07.310714-06	38	2
2104	1.69	2026-03-07 13:31:07.320243-06	22	2
2105	0.59	2026-03-07 13:31:07.322252-06	23	2
2106	0.99	2026-03-07 13:31:07.325179-06	24	2
2107	5.09	2026-03-07 13:31:07.325179-06	25	2
2108	5.99	2026-03-07 13:31:07.325179-06	39	2
2109	7.09	2026-03-07 13:31:07.325179-06	40	2
2110	1.19	2026-03-07 13:31:07.325179-06	26	2
2111	1.29	2026-03-07 13:31:07.336916-06	27	2
2112	1.39	2026-03-07 13:31:07.337818-06	28	2
2113	1.39	2026-03-07 13:31:07.337818-06	29	2
2114	4.49	2026-03-07 13:31:07.337818-06	30	2
2115	1.49	2026-03-07 13:31:07.337818-06	31	2
2116	4.09	2026-03-07 13:31:07.350574-06	41	2
2117	2.49	2026-03-07 13:31:07.35293-06	32	2
2118	3.79	2026-03-07 13:31:07.354039-06	33	2
2119	0.69	2026-03-07 13:31:07.35974-06	1	3
2120	2.79	2026-03-07 13:31:07.361746-06	2	3
2121	4.69	2026-03-07 13:31:07.362745-06	34	3
2122	1.79	2026-03-07 13:31:07.364762-06	3	3
2123	1.89	2026-03-07 13:31:07.364762-06	4	3
2124	2.09	2026-03-07 13:31:07.368331-06	5	3
2125	3.59	2026-03-07 13:31:07.3698-06	6	3
2126	3.89	2026-03-07 13:31:07.371365-06	7	3
2127	1.29	2026-03-07 13:31:07.372388-06	8	3
2128	2.49	2026-03-07 13:31:07.37571-06	9	3
2129	0.49	2026-03-07 13:31:07.37757-06	10	3
2130	2.69	2026-03-07 13:31:07.378545-06	11	3
2131	1.69	2026-03-07 13:31:07.379543-06	12	3
2132	1.09	2026-03-07 13:31:07.380543-06	13	3
2133	1.99	2026-03-07 13:31:07.383198-06	35	3
2134	2.09	2026-03-07 13:31:07.385174-06	36	3
2135	2.09	2026-03-07 13:31:07.386171-06	14	3
2136	1.19	2026-03-07 13:31:07.387507-06	15	3
2137	0.79	2026-03-07 13:31:07.391087-06	16	3
2138	2.19	2026-03-07 13:31:07.393084-06	17	3
2139	2.29	2026-03-07 13:31:07.393515-06	18	3
2140	3.89	2026-03-07 13:31:07.395526-06	19	3
2141	3.59	2026-03-07 13:31:07.395526-06	37	3
2142	3.49	2026-03-07 13:31:07.398584-06	20	3
2143	2.09	2026-03-07 13:31:07.40013-06	21	3
2144	2.29	2026-03-07 13:31:07.40113-06	38	3
2145	1.49	2026-03-07 13:31:07.402131-06	22	3
2146	0.69	2026-03-07 13:31:07.40443-06	23	3
2147	0.99	2026-03-07 13:31:07.407701-06	24	3
2148	5.29	2026-03-07 13:31:07.408715-06	25	3
2149	5.99	2026-03-07 13:31:07.410688-06	39	3
2150	7.09	2026-03-07 13:31:07.411689-06	40	3
2151	1.29	2026-03-07 13:31:07.411689-06	26	3
2152	1.39	2026-03-07 13:31:07.416271-06	27	3
2153	1.39	2026-03-07 13:31:07.417273-06	28	3
2154	1.49	2026-03-07 13:31:07.419362-06	29	3
2155	4.59	2026-03-07 13:31:07.420818-06	30	3
2156	1.39	2026-03-07 13:31:07.423707-06	31	3
2157	3.99	2026-03-07 13:31:07.424716-06	41	3
2158	2.59	2026-03-07 13:31:07.425715-06	32	3
2159	3.69	2026-03-07 13:31:07.427424-06	33	3
2160	0.69	2026-03-07 13:31:07.429338-06	1	4
2161	2.89	2026-03-07 13:31:07.429338-06	2	4
2162	4.59	2026-03-07 13:31:07.429338-06	34	4
2163	1.79	2026-03-07 13:31:07.433267-06	3	4
2164	1.99	2026-03-07 13:31:07.434374-06	4	4
2165	1.79	2026-03-07 13:31:07.435571-06	5	4
2166	3.49	2026-03-07 13:31:07.43658-06	6	4
2167	3.99	2026-03-07 13:31:07.437491-06	7	4
2168	1.39	2026-03-07 13:31:07.441265-06	8	4
2169	2.49	2026-03-07 13:31:07.442337-06	9	4
2170	0.79	2026-03-07 13:31:07.44337-06	10	4
2171	2.49	2026-03-07 13:31:07.444373-06	11	4
2172	1.69	2026-03-07 13:31:07.445368-06	12	4
2173	1.09	2026-03-07 13:31:07.446367-06	13	4
2174	2.09	2026-03-07 13:31:07.449354-06	35	4
2175	1.89	2026-03-07 13:31:07.450391-06	36	4
2176	2.19	2026-03-07 13:31:07.451385-06	14	4
2177	1.29	2026-03-07 13:31:07.453362-06	15	4
2178	0.79	2026-03-07 13:31:07.454257-06	16	4
2179	2.49	2026-03-07 13:31:07.45731-06	17	4
2180	2.39	2026-03-07 13:31:07.459321-06	18	4
2181	3.89	2026-03-07 13:31:07.460321-06	19	4
2182	3.49	2026-03-07 13:31:07.461321-06	37	4
2183	3.69	2026-03-07 13:31:07.462322-06	20	4
2184	2.19	2026-03-07 13:31:07.464346-06	21	4
2185	2.09	2026-03-07 13:31:07.466406-06	38	4
2186	1.59	2026-03-07 13:31:07.46737-06	22	4
2187	0.59	2026-03-07 13:31:07.468366-06	23	4
2188	1.09	2026-03-07 13:31:07.470203-06	24	4
2189	5.09	2026-03-07 13:31:07.470966-06	25	4
2190	6.19	2026-03-07 13:31:07.473867-06	39	4
2191	7.19	2026-03-07 13:31:07.475909-06	40	4
2192	1.39	2026-03-07 13:31:07.476861-06	26	4
2193	1.19	2026-03-07 13:31:07.478099-06	27	4
2194	1.39	2026-03-07 13:31:07.479106-06	28	4
2195	1.69	2026-03-07 13:31:07.480271-06	29	4
2196	4.59	2026-03-07 13:31:07.482005-06	30	4
2197	1.39	2026-03-07 13:31:07.483766-06	31	4
2198	4.09	2026-03-07 13:31:07.485897-06	41	4
2199	2.69	2026-03-07 13:31:07.488452-06	32	4
2200	3.79	2026-03-07 13:31:07.488452-06	33	4
2201	0.69	2026-03-07 13:31:07.488452-06	1	5
2202	2.89	2026-03-07 13:31:07.488452-06	2	5
2203	4.89	2026-03-07 13:31:07.488452-06	34	5
2204	1.89	2026-03-07 13:31:07.497687-06	3	5
2205	1.89	2026-03-07 13:31:07.498272-06	4	5
2206	1.79	2026-03-07 13:31:07.50074-06	5	5
2207	3.39	2026-03-07 13:31:07.501737-06	6	5
2208	3.99	2026-03-07 13:31:07.503935-06	7	5
2209	1.39	2026-03-07 13:31:07.509931-06	8	5
2210	2.59	2026-03-07 13:31:07.511928-06	9	5
2211	0.69	2026-03-07 13:31:07.512926-06	10	5
2212	2.49	2026-03-07 13:31:07.515312-06	11	5
2213	1.59	2026-03-07 13:31:07.516292-06	12	5
2214	0.99	2026-03-07 13:31:07.517291-06	13	5
2215	1.99	2026-03-07 13:31:07.518291-06	35	5
2216	2.09	2026-03-07 13:31:07.518291-06	36	5
2217	1.89	2026-03-07 13:31:07.520188-06	14	5
2218	1.09	2026-03-07 13:31:07.520999-06	15	5
2219	0.79	2026-03-07 13:31:07.524198-06	16	5
2220	2.39	2026-03-07 13:31:07.526054-06	17	5
2221	2.19	2026-03-07 13:31:07.526966-06	18	5
2222	3.79	2026-03-07 13:31:07.527997-06	19	5
2223	3.59	2026-03-07 13:31:07.528996-06	37	5
2224	3.49	2026-03-07 13:31:07.528996-06	20	5
2225	2.29	2026-03-07 13:31:07.528996-06	21	5
2226	1.89	2026-03-07 13:31:07.533286-06	38	5
2227	1.69	2026-03-07 13:31:07.534292-06	22	5
2228	0.59	2026-03-07 13:31:07.535316-06	23	5
2229	0.99	2026-03-07 13:31:07.537295-06	24	5
2230	5.09	2026-03-07 13:31:07.537295-06	25	5
2231	5.99	2026-03-07 13:31:07.541456-06	39	5
2232	6.99	2026-03-07 13:31:07.542434-06	40	5
2233	1.09	2026-03-07 13:31:07.543431-06	26	5
2234	1.29	2026-03-07 13:31:07.544432-06	27	5
2235	1.39	2026-03-07 13:31:07.545433-06	28	5
2236	1.49	2026-03-07 13:31:07.546746-06	29	5
2237	4.39	2026-03-07 13:31:07.547778-06	30	5
2238	1.29	2026-03-07 13:31:07.548752-06	31	5
2239	3.89	2026-03-07 13:31:07.551753-06	41	5
2240	2.69	2026-03-07 13:31:07.552737-06	32	5
2241	3.69	2026-03-07 13:31:07.556184-06	33	5
2242	0.79	2026-03-07 13:31:07.558981-06	1	6
2243	2.79	2026-03-07 13:31:07.55999-06	2	6
2244	4.89	2026-03-07 13:31:07.560988-06	34	6
2245	1.79	2026-03-07 13:31:07.561987-06	3	6
2246	1.79	2026-03-07 13:31:07.562986-06	4	6
2247	1.89	2026-03-07 13:31:07.563986-06	5	6
2248	3.49	2026-03-07 13:31:07.565264-06	6	6
2249	3.99	2026-03-07 13:31:07.566289-06	7	6
2250	1.19	2026-03-07 13:31:07.567295-06	8	6
2251	2.59	2026-03-07 13:31:07.568292-06	9	6
2252	0.69	2026-03-07 13:31:07.569299-06	10	6
2253	2.39	2026-03-07 13:31:07.571488-06	11	6
2254	1.59	2026-03-07 13:31:07.573364-06	12	6
2255	0.99	2026-03-07 13:31:07.574865-06	13	6
2256	2.29	2026-03-07 13:31:07.576245-06	35	6
2257	1.89	2026-03-07 13:31:07.577241-06	36	6
2258	1.99	2026-03-07 13:31:07.578265-06	14	6
2259	1.29	2026-03-07 13:31:07.578265-06	15	6
2260	0.79	2026-03-07 13:31:07.578265-06	16	6
2261	2.29	2026-03-07 13:31:07.578265-06	17	6
2262	2.09	2026-03-07 13:31:07.583189-06	18	6
2263	3.79	2026-03-07 13:31:07.584114-06	19	6
2264	3.39	2026-03-07 13:31:07.585142-06	37	6
2265	3.39	2026-03-07 13:31:07.58612-06	20	6
2266	2.09	2026-03-07 13:31:07.587515-06	21	6
2267	1.89	2026-03-07 13:31:07.587515-06	38	6
2268	1.59	2026-03-07 13:31:07.591716-06	22	6
2269	0.59	2026-03-07 13:31:07.592743-06	23	6
2270	0.99	2026-03-07 13:31:07.593743-06	24	6
2271	5.09	2026-03-07 13:31:07.594742-06	25	6
2272	6.09	2026-03-07 13:31:07.595744-06	39	6
2273	6.89	2026-03-07 13:31:07.596748-06	40	6
2274	1.39	2026-03-07 13:31:07.598235-06	26	6
2275	1.39	2026-03-07 13:31:07.599266-06	27	6
2276	1.29	2026-03-07 13:31:07.600734-06	28	6
2277	1.79	2026-03-07 13:31:07.601739-06	29	6
2278	4.49	2026-03-07 13:31:07.602741-06	30	6
2279	1.29	2026-03-07 13:31:07.604297-06	31	6
2280	4.09	2026-03-07 13:31:07.606983-06	41	6
2281	2.39	2026-03-07 13:31:07.608122-06	32	6
2282	3.79	2026-03-07 13:31:07.610132-06	33	6
2283	0.69	2026-03-07 13:31:07.611133-06	1	7
2284	2.99	2026-03-07 13:31:07.612134-06	2	7
2285	4.79	2026-03-07 13:31:07.614569-06	34	7
2286	1.89	2026-03-07 13:31:07.615569-06	3	7
2287	1.79	2026-03-07 13:31:07.61657-06	4	7
2288	1.69	2026-03-07 13:31:07.617569-06	5	7
2289	3.49	2026-03-07 13:31:07.61857-06	6	7
2290	4.09	2026-03-07 13:31:07.621533-06	7	7
2291	1.29	2026-03-07 13:31:07.62354-06	8	7
2292	2.59	2026-03-07 13:31:07.625367-06	9	7
2293	0.69	2026-03-07 13:31:07.626443-06	10	7
2294	2.69	2026-03-07 13:31:07.627536-06	11	7
2295	1.69	2026-03-07 13:31:07.628535-06	12	7
2296	1.09	2026-03-07 13:31:07.629529-06	13	7
2297	2.09	2026-03-07 13:31:07.631279-06	35	7
2298	1.99	2026-03-07 13:31:07.632402-06	36	7
2299	2.09	2026-03-07 13:31:07.633409-06	14	7
2300	1.29	2026-03-07 13:31:07.634471-06	15	7
2301	0.59	2026-03-07 13:31:07.635444-06	16	7
2302	2.29	2026-03-07 13:31:07.636407-06	17	7
2303	2.29	2026-03-07 13:31:07.63777-06	18	7
2304	3.99	2026-03-07 13:31:07.63777-06	19	7
2305	3.49	2026-03-07 13:31:07.63777-06	37	7
2306	3.39	2026-03-07 13:31:07.63777-06	20	7
2307	2.29	2026-03-07 13:31:07.644075-06	21	7
2308	2.09	2026-03-07 13:31:07.645398-06	38	7
2309	1.59	2026-03-07 13:31:07.646404-06	22	7
2310	0.49	2026-03-07 13:31:07.647403-06	23	7
2311	0.99	2026-03-07 13:31:07.648403-06	24	7
2312	5.19	2026-03-07 13:31:07.649302-06	25	7
2313	5.89	2026-03-07 13:31:07.650458-06	39	7
2314	7.09	2026-03-07 13:31:07.651654-06	40	7
2315	1.39	2026-03-07 13:31:07.653633-06	26	7
2316	1.39	2026-03-07 13:31:07.654696-06	27	7
2317	1.39	2026-03-07 13:31:07.654696-06	28	7
2318	1.39	2026-03-07 13:31:07.654696-06	29	7
2319	4.59	2026-03-07 13:31:07.654696-06	30	7
2320	1.49	2026-03-07 13:31:07.661521-06	31	7
2321	4.09	2026-03-07 13:31:07.662516-06	41	7
2322	2.69	2026-03-07 13:31:07.663516-06	32	7
2323	3.79	2026-03-07 13:31:07.664516-06	33	7
2324	0.79	2026-03-07 13:31:07.665517-06	1	8
2325	2.89	2026-03-07 13:31:07.665517-06	2	8
2326	4.69	2026-03-07 13:31:07.667661-06	34	8
2327	1.59	2026-03-07 13:31:07.668668-06	3	8
2328	1.69	2026-03-07 13:31:07.670669-06	4	8
2329	1.89	2026-03-07 13:31:07.673163-06	5	8
2330	3.79	2026-03-07 13:31:07.673163-06	6	8
2331	3.99	2026-03-07 13:31:07.675649-06	7	8
2332	1.29	2026-03-07 13:31:07.676676-06	8	8
2333	2.59	2026-03-07 13:31:07.677747-06	9	8
2334	0.59	2026-03-07 13:31:07.678676-06	10	8
2335	2.59	2026-03-07 13:31:07.679653-06	11	8
2336	1.59	2026-03-07 13:31:07.680654-06	12	8
2337	0.99	2026-03-07 13:31:07.681968-06	13	8
2338	2.29	2026-03-07 13:31:07.682973-06	35	8
2339	2.19	2026-03-07 13:31:07.683974-06	36	8
2340	1.99	2026-03-07 13:31:07.685061-06	14	8
2341	1.19	2026-03-07 13:31:07.687216-06	15	8
2342	0.69	2026-03-07 13:31:07.687698-06	16	8
2343	2.19	2026-03-07 13:31:07.687698-06	17	8
2344	2.29	2026-03-07 13:31:07.687698-06	18	8
2345	3.69	2026-03-07 13:31:07.693156-06	19	8
2346	3.49	2026-03-07 13:31:07.694631-06	37	8
2347	3.39	2026-03-07 13:31:07.695656-06	20	8
2348	2.39	2026-03-07 13:31:07.696655-06	21	8
2349	1.89	2026-03-07 13:31:07.697658-06	38	8
2350	1.69	2026-03-07 13:31:07.698636-06	22	8
2351	0.59	2026-03-07 13:31:07.699895-06	23	8
2352	0.89	2026-03-07 13:31:07.700922-06	24	8
2353	4.89	2026-03-07 13:31:07.701921-06	25	8
2354	6.09	2026-03-07 13:31:07.703861-06	39	8
2355	6.89	2026-03-07 13:31:07.704598-06	40	8
2356	1.29	2026-03-07 13:31:07.707878-06	26	8
2357	1.39	2026-03-07 13:31:07.708885-06	27	8
2358	1.29	2026-03-07 13:31:07.709906-06	28	8
2359	1.59	2026-03-07 13:31:07.711189-06	29	8
2360	4.39	2026-03-07 13:31:07.712601-06	30	8
2361	1.39	2026-03-07 13:31:07.712601-06	31	8
2362	4.19	2026-03-07 13:31:07.712601-06	41	8
2363	2.49	2026-03-07 13:31:07.712601-06	32	8
2364	3.79	2026-03-07 13:31:07.712601-06	33	8
2365	0.69	2026-03-07 13:31:07.712601-06	1	9
2366	2.79	2026-03-07 13:31:07.721103-06	2	9
2367	4.89	2026-03-07 13:31:07.721103-06	34	9
2368	1.79	2026-03-07 13:31:07.725025-06	3	9
2369	1.89	2026-03-07 13:31:07.725999-06	4	9
2370	1.99	2026-03-07 13:31:07.727788-06	5	9
2371	3.49	2026-03-07 13:31:07.727788-06	6	9
2372	4.09	2026-03-07 13:31:07.727788-06	7	9
2373	1.29	2026-03-07 13:31:07.727788-06	8	9
2374	2.59	2026-03-07 13:31:07.727788-06	9	9
2375	0.49	2026-03-07 13:31:07.727788-06	10	9
2376	2.49	2026-03-07 13:31:07.73612-06	11	9
2377	1.69	2026-03-07 13:31:07.737609-06	12	9
2378	1.09	2026-03-07 13:31:07.737609-06	13	9
2379	2.09	2026-03-07 13:31:07.741665-06	35	9
2380	1.89	2026-03-07 13:31:07.743091-06	36	9
2381	2.19	2026-03-07 13:31:07.745101-06	14	9
2382	1.29	2026-03-07 13:31:07.7461-06	15	9
2383	0.49	2026-03-07 13:31:07.746968-06	16	9
2384	2.29	2026-03-07 13:31:07.748717-06	17	9
2385	2.19	2026-03-07 13:31:07.749725-06	18	9
2386	3.89	2026-03-07 13:31:07.750725-06	19	9
2387	3.39	2026-03-07 13:31:07.751724-06	37	9
2388	3.29	2026-03-07 13:31:07.752724-06	20	9
2389	2.39	2026-03-07 13:31:07.754378-06	21	9
2390	2.09	2026-03-07 13:31:07.754378-06	38	9
2391	1.49	2026-03-07 13:31:07.754378-06	22	9
2392	0.59	2026-03-07 13:31:07.754378-06	23	9
2393	0.89	2026-03-07 13:31:07.760603-06	24	9
2394	5.09	2026-03-07 13:31:07.761765-06	25	9
2395	6.09	2026-03-07 13:31:07.762676-06	39	9
2396	6.99	2026-03-07 13:31:07.763682-06	40	9
2397	1.29	2026-03-07 13:31:07.764681-06	26	9
2398	1.19	2026-03-07 13:31:07.76568-06	27	9
2399	1.29	2026-03-07 13:31:07.76754-06	28	9
2400	1.29	2026-03-07 13:31:07.768546-06	29	9
2401	4.49	2026-03-07 13:31:07.770553-06	30	9
2402	1.19	2026-03-07 13:31:07.771055-06	31	9
2403	3.89	2026-03-07 13:31:07.775113-06	41	9
2404	2.69	2026-03-07 13:31:07.776112-06	32	9
2405	3.59	2026-03-07 13:31:07.777113-06	33	9
2406	0.79	2026-03-07 13:31:07.779133-06	1	10
2407	2.99	2026-03-07 13:31:07.779133-06	2	10
2408	4.59	2026-03-07 13:31:07.781204-06	34	10
2409	1.79	2026-03-07 13:31:07.782471-06	3	10
2410	1.79	2026-03-07 13:31:07.783364-06	4	10
2411	1.79	2026-03-07 13:31:07.784325-06	5	10
2412	3.59	2026-03-07 13:31:07.785331-06	6	10
2413	4.09	2026-03-07 13:31:07.786848-06	7	10
2414	1.39	2026-03-07 13:31:07.787637-06	8	10
2415	2.69	2026-03-07 13:31:07.790995-06	9	10
2416	0.69	2026-03-07 13:31:07.791974-06	10	10
2417	2.59	2026-03-07 13:31:07.791974-06	11	10
2418	1.79	2026-03-07 13:31:07.791974-06	12	10
2419	1.09	2026-03-07 13:31:07.791974-06	13	10
2420	1.99	2026-03-07 13:31:07.791974-06	35	10
2421	2.19	2026-03-07 13:31:07.791974-06	36	10
2422	1.89	2026-03-07 13:31:07.791974-06	14	10
2423	1.39	2026-03-07 13:31:07.799765-06	15	10
2424	0.69	2026-03-07 13:31:07.801009-06	16	10
2425	2.49	2026-03-07 13:31:07.801877-06	17	10
2426	2.19	2026-03-07 13:31:07.802881-06	18	10
2427	3.69	2026-03-07 13:31:07.80472-06	19	10
2428	3.39	2026-03-07 13:31:07.80767-06	37	10
2429	3.39	2026-03-07 13:31:07.808666-06	20	10
2430	2.29	2026-03-07 13:31:07.81013-06	21	10
2431	1.99	2026-03-07 13:31:07.810992-06	38	10
2432	1.69	2026-03-07 13:31:07.812019-06	22	10
2433	0.69	2026-03-07 13:31:07.812019-06	23	10
2434	0.79	2026-03-07 13:31:07.812019-06	24	10
2435	5.19	2026-03-07 13:31:07.812019-06	25	10
2436	5.99	2026-03-07 13:31:07.812019-06	39	10
2437	7.09	2026-03-07 13:31:07.817823-06	40	10
2438	1.09	2026-03-07 13:31:07.818842-06	26	10
2439	1.39	2026-03-07 13:31:07.820471-06	27	10
2440	1.49	2026-03-07 13:31:07.822471-06	28	10
2441	1.49	2026-03-07 13:31:07.823843-06	29	10
2442	4.49	2026-03-07 13:31:07.825872-06	30	10
2443	1.49	2026-03-07 13:31:07.826867-06	31	10
2444	3.89	2026-03-07 13:31:07.826867-06	41	10
2445	2.49	2026-03-07 13:31:07.82787-06	32	10
2446	3.89	2026-03-07 13:31:07.828867-06	33	10
2447	0.69	2026-03-07 13:31:07.831293-06	1	11
2448	2.89	2026-03-07 13:31:07.832262-06	2	11
2449	4.69	2026-03-07 13:31:07.833262-06	34	11
2450	1.89	2026-03-07 13:31:07.834263-06	3	11
2451	1.69	2026-03-07 13:31:07.835263-06	4	11
2452	1.69	2026-03-07 13:31:07.837182-06	5	11
2453	3.29	2026-03-07 13:31:07.839063-06	6	11
2454	3.99	2026-03-07 13:31:07.841076-06	7	11
2455	1.29	2026-03-07 13:31:07.841076-06	8	11
2456	2.69	2026-03-07 13:31:07.842894-06	9	11
2457	0.69	2026-03-07 13:31:07.844168-06	10	11
2458	2.69	2026-03-07 13:31:07.845174-06	11	11
2459	1.59	2026-03-07 13:31:07.846173-06	12	11
2460	0.99	2026-03-07 13:31:07.847173-06	13	11
2461	1.99	2026-03-07 13:31:07.848173-06	35	11
2462	1.99	2026-03-07 13:31:07.848173-06	36	11
2463	2.09	2026-03-07 13:31:07.84997-06	14	11
2464	1.39	2026-03-07 13:31:07.850996-06	15	11
2465	0.79	2026-03-07 13:31:07.851996-06	16	11
2466	2.39	2026-03-07 13:31:07.853979-06	17	11
2467	2.29	2026-03-07 13:31:07.853979-06	18	11
2468	3.69	2026-03-07 13:31:07.857537-06	19	11
2469	3.39	2026-03-07 13:31:07.858543-06	37	11
2470	3.49	2026-03-07 13:31:07.859562-06	20	11
2471	2.19	2026-03-07 13:31:07.861544-06	21	11
2472	1.99	2026-03-07 13:31:07.862458-06	38	11
2473	1.79	2026-03-07 13:31:07.863383-06	22	11
2474	0.69	2026-03-07 13:31:07.86441-06	23	11
2475	0.89	2026-03-07 13:31:07.865409-06	24	11
2476	4.99	2026-03-07 13:31:07.866634-06	25	11
2477	6.19	2026-03-07 13:31:07.867645-06	39	11
2478	6.99	2026-03-07 13:31:07.867645-06	40	11
2479	1.39	2026-03-07 13:31:07.871082-06	26	11
2480	1.39	2026-03-07 13:31:07.873936-06	27	11
2481	1.19	2026-03-07 13:31:07.874942-06	28	11
2482	1.59	2026-03-07 13:31:07.875795-06	29	11
2483	4.59	2026-03-07 13:31:07.876918-06	30	11
2484	1.29	2026-03-07 13:31:07.877935-06	31	11
2485	4.09	2026-03-07 13:31:07.878932-06	41	11
2486	2.49	2026-03-07 13:31:07.879925-06	32	11
2487	3.69	2026-03-07 13:31:07.882326-06	33	11
2488	0.59	2026-03-07 13:31:07.88332-06	1	12
2489	2.99	2026-03-07 13:31:07.884319-06	2	12
2490	4.89	2026-03-07 13:31:07.885319-06	34	12
2491	1.89	2026-03-07 13:31:07.887235-06	3	12
2492	1.69	2026-03-07 13:31:07.889538-06	4	12
2493	1.69	2026-03-07 13:31:07.891573-06	5	12
2494	3.49	2026-03-07 13:31:07.891915-06	6	12
2495	3.89	2026-03-07 13:31:07.891915-06	7	12
2496	1.29	2026-03-07 13:31:07.891915-06	8	12
2497	2.49	2026-03-07 13:31:07.891915-06	9	12
2498	0.79	2026-03-07 13:31:07.891915-06	10	12
2499	2.49	2026-03-07 13:31:07.898672-06	11	12
2500	1.69	2026-03-07 13:31:07.899762-06	12	12
2501	1.09	2026-03-07 13:31:07.900762-06	13	12
2502	2.09	2026-03-07 13:31:07.90174-06	35	12
2503	2.09	2026-03-07 13:31:07.902759-06	36	12
2504	1.99	2026-03-07 13:31:07.906151-06	14	12
2505	1.29	2026-03-07 13:31:07.907158-06	15	12
2506	0.89	2026-03-07 13:31:07.909196-06	16	12
2507	2.39	2026-03-07 13:31:07.910385-06	17	12
2508	2.39	2026-03-07 13:31:07.910385-06	18	12
2509	3.79	2026-03-07 13:31:07.910385-06	19	12
2510	3.39	2026-03-07 13:31:07.910385-06	37	12
2511	3.59	2026-03-07 13:31:07.910385-06	20	12
2512	2.19	2026-03-07 13:31:07.910385-06	21	12
2513	2.19	2026-03-07 13:31:07.910385-06	38	12
2514	1.69	2026-03-07 13:31:07.918631-06	22	12
2515	0.69	2026-03-07 13:31:07.91963-06	23	12
2516	1.19	2026-03-07 13:31:07.921089-06	24	12
2517	5.19	2026-03-07 13:31:07.923394-06	25	12
2518	5.99	2026-03-07 13:31:07.923394-06	39	12
2519	7.19	2026-03-07 13:31:07.925778-06	40	12
2520	1.29	2026-03-07 13:31:07.92679-06	26	12
2521	1.29	2026-03-07 13:31:07.928095-06	27	12
2522	1.29	2026-03-07 13:31:07.929094-06	28	12
2523	1.29	2026-03-07 13:31:07.930094-06	29	12
2524	4.49	2026-03-07 13:31:07.931113-06	30	12
2525	1.39	2026-03-07 13:31:07.933138-06	31	12
2526	3.89	2026-03-07 13:31:07.933138-06	41	12
2527	2.49	2026-03-07 13:31:07.934138-06	32	12
2528	3.79	2026-03-07 13:31:07.935139-06	33	12
2529	0.69	2026-03-07 13:31:07.93918-06	1	13
2530	2.79	2026-03-07 13:31:07.940177-06	2	13
2531	4.89	2026-03-07 13:31:07.941129-06	34	13
2532	1.69	2026-03-07 13:31:07.941129-06	3	13
2533	1.69	2026-03-07 13:31:07.941129-06	4	13
2534	1.99	2026-03-07 13:31:07.941129-06	5	13
2535	3.29	2026-03-07 13:31:07.947657-06	6	13
2536	4.09	2026-03-07 13:31:07.948696-06	7	13
2537	1.19	2026-03-07 13:31:07.949683-06	8	13
2538	2.49	2026-03-07 13:31:07.951665-06	9	13
2539	0.69	2026-03-07 13:31:07.952666-06	10	13
2540	2.39	2026-03-07 13:31:07.954339-06	11	13
2541	1.49	2026-03-07 13:31:07.958278-06	12	13
2542	0.99	2026-03-07 13:31:07.959943-06	13	13
2543	1.99	2026-03-07 13:31:07.960952-06	35	13
2544	2.09	2026-03-07 13:31:07.961951-06	36	13
2545	2.19	2026-03-07 13:31:07.961951-06	14	13
2546	1.29	2026-03-07 13:31:07.961951-06	15	13
2547	0.79	2026-03-07 13:31:07.965578-06	16	13
2548	2.49	2026-03-07 13:31:07.966584-06	17	13
2549	2.09	2026-03-07 13:31:07.967584-06	18	13
2550	3.79	2026-03-07 13:31:07.968582-06	19	13
2551	3.69	2026-03-07 13:31:07.969582-06	37	13
2552	3.49	2026-03-07 13:31:07.970587-06	20	13
2553	2.29	2026-03-07 13:31:07.9742-06	21	13
2554	2.09	2026-03-07 13:31:07.975166-06	38	13
2555	1.49	2026-03-07 13:31:07.976166-06	22	13
2556	0.49	2026-03-07 13:31:07.977909-06	23	13
2557	0.99	2026-03-07 13:31:07.977909-06	24	13
2558	5.09	2026-03-07 13:31:07.977909-06	25	13
2559	5.99	2026-03-07 13:31:07.977909-06	39	13
2560	6.99	2026-03-07 13:31:07.977909-06	40	13
2561	1.29	2026-03-07 13:31:07.982879-06	26	13
2562	1.39	2026-03-07 13:31:07.984282-06	27	13
2563	1.19	2026-03-07 13:31:07.985297-06	28	13
2564	1.39	2026-03-07 13:31:07.987384-06	29	13
2565	4.49	2026-03-07 13:31:07.987892-06	30	13
2566	1.49	2026-03-07 13:31:07.987892-06	31	13
2567	4.09	2026-03-07 13:31:07.993828-06	41	13
2568	2.39	2026-03-07 13:31:07.994807-06	32	13
2569	3.99	2026-03-07 13:31:07.995807-06	33	13
2570	0.79	2026-03-07 13:31:07.996713-06	1	14
2571	2.79	2026-03-07 13:31:07.996713-06	2	14
2572	4.79	2026-03-07 13:31:07.996713-06	34	14
2573	1.89	2026-03-07 13:31:07.996713-06	3	14
2574	1.69	2026-03-07 13:31:07.996713-06	4	14
2575	1.79	2026-03-07 13:31:08.00228-06	5	14
2576	3.79	2026-03-07 13:31:08.004-06	6	14
2577	4.09	2026-03-07 13:31:08.006633-06	7	14
2578	1.49	2026-03-07 13:31:08.007626-06	8	14
2579	2.49	2026-03-07 13:31:08.008902-06	9	14
2580	0.79	2026-03-07 13:31:08.01011-06	10	14
2581	2.69	2026-03-07 13:31:08.01114-06	11	14
2582	1.59	2026-03-07 13:31:08.012131-06	12	14
2583	1.09	2026-03-07 13:31:08.013115-06	13	14
2584	2.09	2026-03-07 13:31:08.014114-06	35	14
2585	2.19	2026-03-07 13:31:08.015244-06	36	14
2586	1.89	2026-03-07 13:31:08.016269-06	14	14
2587	1.19	2026-03-07 13:31:08.017269-06	15	14
2588	0.69	2026-03-07 13:31:08.018269-06	16	14
2589	2.29	2026-03-07 13:31:08.02025-06	17	14
2590	2.19	2026-03-07 13:31:08.02082-06	18	14
2591	3.79	2026-03-07 13:31:08.024162-06	19	14
2592	3.59	2026-03-07 13:31:08.02514-06	37	14
2593	3.49	2026-03-07 13:31:08.026139-06	20	14
2594	2.19	2026-03-07 13:31:08.026883-06	21	14
2595	2.09	2026-03-07 13:31:08.027911-06	38	14
2596	1.59	2026-03-07 13:31:08.027911-06	22	14
2597	0.69	2026-03-07 13:31:08.027911-06	23	14
2598	1.09	2026-03-07 13:31:08.027911-06	24	14
2599	4.89	2026-03-07 13:31:08.027911-06	25	14
2600	5.99	2026-03-07 13:31:08.033855-06	39	14
2601	7.09	2026-03-07 13:31:08.03494-06	40	14
2602	1.19	2026-03-07 13:31:08.035945-06	26	14
2603	1.39	2026-03-07 13:31:08.038097-06	27	14
2604	1.49	2026-03-07 13:31:08.039105-06	28	14
2605	1.69	2026-03-07 13:31:08.04186-06	29	14
2606	4.69	2026-03-07 13:31:08.04286-06	30	14
2607	1.49	2026-03-07 13:31:08.043885-06	31	14
2608	3.99	2026-03-07 13:31:08.045885-06	41	14
2609	2.69	2026-03-07 13:31:08.045885-06	32	14
2610	3.49	2026-03-07 13:31:08.047926-06	33	14
2611	0.79	2026-03-07 13:31:08.049935-06	1	15
2612	2.89	2026-03-07 13:31:08.049935-06	2	15
2613	4.79	2026-03-07 13:31:08.049935-06	34	15
2614	1.79	2026-03-07 13:31:08.053489-06	3	15
2615	1.89	2026-03-07 13:31:08.054312-06	4	15
2616	1.79	2026-03-07 13:31:08.054312-06	5	15
2617	3.59	2026-03-07 13:31:08.065944-06	6	15
2618	4.09	2026-03-07 13:31:08.073814-06	7	15
2619	1.39	2026-03-07 13:31:08.075825-06	8	15
2620	2.49	2026-03-07 13:31:08.079843-06	9	15
2621	0.59	2026-03-07 13:31:08.089983-06	10	15
2622	2.59	2026-03-07 13:31:08.094002-06	11	15
2623	1.69	2026-03-07 13:31:08.096012-06	12	15
2624	1.19	2026-03-07 13:31:08.098019-06	13	15
2625	2.19	2026-03-07 13:31:08.100028-06	35	15
2626	1.89	2026-03-07 13:31:08.103489-06	36	15
2627	1.89	2026-03-07 13:31:08.106782-06	14	15
2628	1.29	2026-03-07 13:31:08.108793-06	15	15
2629	0.99	2026-03-07 13:31:08.108793-06	16	15
2630	2.49	2026-03-07 13:31:08.108793-06	17	15
2631	2.19	2026-03-07 13:31:08.121691-06	18	15
2632	3.79	2026-03-07 13:31:08.122719-06	19	15
2633	3.59	2026-03-07 13:31:08.122719-06	37	15
2634	3.39	2026-03-07 13:31:08.128249-06	20	15
2635	2.29	2026-03-07 13:31:08.130561-06	21	15
2636	1.89	2026-03-07 13:31:08.131576-06	38	15
2637	1.59	2026-03-07 13:31:08.132658-06	22	15
2638	0.59	2026-03-07 13:31:08.13512-06	23	15
2639	1.09	2026-03-07 13:31:08.137433-06	24	15
2640	4.99	2026-03-07 13:31:08.139172-06	25	15
2641	5.99	2026-03-07 13:31:08.139172-06	39	15
2642	7.09	2026-03-07 13:31:08.143931-06	40	15
2643	1.29	2026-03-07 13:31:08.145827-06	26	15
2644	1.19	2026-03-07 13:31:08.146828-06	27	15
2645	1.09	2026-03-07 13:31:08.147848-06	28	15
2646	1.59	2026-03-07 13:31:08.150012-06	29	15
2647	4.49	2026-03-07 13:31:08.151011-06	30	15
2648	1.29	2026-03-07 13:31:08.153011-06	31	15
2649	4.09	2026-03-07 13:31:08.153989-06	41	15
2650	2.69	2026-03-07 13:31:08.157536-06	32	15
2651	3.59	2026-03-07 13:31:08.158559-06	33	15
2652	0.79	2026-03-07 13:31:08.160534-06	1	16
2653	2.79	2026-03-07 13:31:08.162881-06	2	16
2654	4.89	2026-03-07 13:31:08.163889-06	34	16
2655	1.79	2026-03-07 13:31:08.164912-06	3	16
2656	1.79	2026-03-07 13:31:08.166887-06	4	16
2657	1.59	2026-03-07 13:31:08.168971-06	5	16
2658	3.49	2026-03-07 13:31:08.169977-06	6	16
2659	3.99	2026-03-07 13:31:08.172232-06	7	16
2660	1.39	2026-03-07 13:31:08.174242-06	8	16
2661	2.79	2026-03-07 13:31:08.175999-06	9	16
2662	0.79	2026-03-07 13:31:08.177017-06	10	16
2663	2.59	2026-03-07 13:31:08.178024-06	11	16
2664	1.49	2026-03-07 13:31:08.179019-06	12	16
2665	1.09	2026-03-07 13:31:08.180018-06	13	16
2666	1.99	2026-03-07 13:31:08.182676-06	35	16
2667	2.19	2026-03-07 13:31:08.183652-06	36	16
2668	2.19	2026-03-07 13:31:08.184652-06	14	16
2669	1.49	2026-03-07 13:31:08.185525-06	15	16
2670	0.79	2026-03-07 13:31:08.187486-06	16	16
2671	2.49	2026-03-07 13:31:08.190195-06	17	16
2672	2.29	2026-03-07 13:31:08.192105-06	18	16
2673	3.89	2026-03-07 13:31:08.193086-06	19	16
2674	3.49	2026-03-07 13:31:08.194085-06	37	16
2675	3.59	2026-03-07 13:31:08.196013-06	20	16
2676	2.29	2026-03-07 13:31:08.197014-06	21	16
2677	1.99	2026-03-07 13:31:08.197992-06	38	16
2678	1.69	2026-03-07 13:31:08.199012-06	22	16
2679	0.59	2026-03-07 13:31:08.199012-06	23	16
2680	1.19	2026-03-07 13:31:08.200012-06	24	16
2681	5.19	2026-03-07 13:31:08.202242-06	25	16
2682	6.09	2026-03-07 13:31:08.203241-06	39	16
2683	6.99	2026-03-07 13:31:08.206008-06	40	16
2684	1.19	2026-03-07 13:31:08.207005-06	26	16
2685	1.39	2026-03-07 13:31:08.20878-06	27	16
2686	1.19	2026-03-07 13:31:08.209812-06	28	16
2687	1.39	2026-03-07 13:31:08.210894-06	29	16
2688	4.69	2026-03-07 13:31:08.211861-06	30	16
2689	1.49	2026-03-07 13:31:08.213244-06	31	16
2690	3.99	2026-03-07 13:31:08.215049-06	41	16
2691	2.59	2026-03-07 13:31:08.216046-06	32	16
2692	3.79	2026-03-07 13:31:08.217046-06	33	16
2693	0.59	2026-03-07 13:31:08.218046-06	1	17
2694	2.89	2026-03-07 13:31:08.219045-06	2	17
2695	4.79	2026-03-07 13:31:08.22238-06	34	17
2696	1.69	2026-03-07 13:31:08.223342-06	3	17
2697	1.89	2026-03-07 13:31:08.225341-06	4	17
2698	1.89	2026-03-07 13:31:08.225341-06	5	17
2699	3.69	2026-03-07 13:31:08.228166-06	6	17
2700	4.09	2026-03-07 13:31:08.228835-06	7	17
2701	1.19	2026-03-07 13:31:08.229843-06	8	17
2702	2.59	2026-03-07 13:31:08.230862-06	9	17
2703	0.79	2026-03-07 13:31:08.232451-06	10	17
2704	2.69	2026-03-07 13:31:08.234296-06	11	17
2705	1.79	2026-03-07 13:31:08.236298-06	12	17
2706	0.99	2026-03-07 13:31:08.240003-06	13	17
2707	2.09	2026-03-07 13:31:08.24202-06	35	17
2708	2.09	2026-03-07 13:31:08.244011-06	36	17
2709	2.09	2026-03-07 13:31:08.244011-06	14	17
2710	1.29	2026-03-07 13:31:08.244011-06	15	17
2711	0.79	2026-03-07 13:31:08.244011-06	16	17
2712	2.29	2026-03-07 13:31:08.244011-06	17	17
2713	2.29	2026-03-07 13:31:08.250846-06	18	17
2714	3.79	2026-03-07 13:31:08.251935-06	19	17
2715	3.59	2026-03-07 13:31:08.253856-06	37	17
2716	3.69	2026-03-07 13:31:08.255704-06	20	17
2717	2.19	2026-03-07 13:31:08.255704-06	21	17
2718	1.99	2026-03-07 13:31:08.259599-06	38	17
2719	1.79	2026-03-07 13:31:08.260542-06	22	17
2720	0.49	2026-03-07 13:31:08.261545-06	23	17
2721	1.09	2026-03-07 13:31:08.262543-06	24	17
2722	5.09	2026-03-07 13:31:08.263541-06	25	17
2723	5.89	2026-03-07 13:31:08.263541-06	39	17
2724	6.79	2026-03-07 13:31:08.265635-06	40	17
2725	1.39	2026-03-07 13:31:08.266724-06	26	17
2726	1.29	2026-03-07 13:31:08.267806-06	27	17
2727	1.09	2026-03-07 13:31:08.268816-06	28	17
2728	1.59	2026-03-07 13:31:08.269816-06	29	17
2729	4.49	2026-03-07 13:31:08.270823-06	30	17
2730	1.59	2026-03-07 13:31:08.273964-06	31	17
2731	3.99	2026-03-07 13:31:08.274972-06	41	17
2732	2.49	2026-03-07 13:31:08.276792-06	32	17
2733	3.69	2026-03-07 13:31:08.278406-06	33	17
2734	0.69	2026-03-07 13:31:08.278406-06	1	18
2735	2.99	2026-03-07 13:31:08.278406-06	2	18
2736	4.79	2026-03-07 13:31:08.278406-06	34	18
2737	1.79	2026-03-07 13:31:08.278406-06	3	18
2738	1.89	2026-03-07 13:31:08.278406-06	4	18
2739	1.89	2026-03-07 13:31:08.285637-06	5	18
2740	3.69	2026-03-07 13:31:08.286635-06	6	18
2741	4.09	2026-03-07 13:31:08.288972-06	7	18
2742	1.39	2026-03-07 13:31:08.28994-06	8	18
2743	2.59	2026-03-07 13:31:08.291483-06	9	18
2744	0.69	2026-03-07 13:31:08.292957-06	10	18
2745	2.49	2026-03-07 13:31:08.293966-06	11	18
2746	1.69	2026-03-07 13:31:08.294964-06	12	18
2747	0.99	2026-03-07 13:31:08.295965-06	13	18
2748	2.19	2026-03-07 13:31:08.296966-06	35	18
2749	2.19	2026-03-07 13:31:08.298907-06	36	18
2750	2.19	2026-03-07 13:31:08.299908-06	14	18
2751	1.19	2026-03-07 13:31:08.300906-06	15	18
2752	0.59	2026-03-07 13:31:08.301906-06	16	18
2753	2.19	2026-03-07 13:31:08.301906-06	17	18
2754	2.19	2026-03-07 13:31:08.304242-06	18	18
2755	3.69	2026-03-07 13:31:08.307023-06	19	18
2756	3.49	2026-03-07 13:31:08.308023-06	37	18
2757	3.49	2026-03-07 13:31:08.309864-06	20	18
2758	2.19	2026-03-07 13:31:08.309864-06	21	18
2759	1.99	2026-03-07 13:31:08.309864-06	38	18
2760	1.49	2026-03-07 13:31:08.309864-06	22	18
2761	0.59	2026-03-07 13:31:08.309864-06	23	18
2762	0.99	2026-03-07 13:31:08.309864-06	24	18
2763	4.89	2026-03-07 13:31:08.317062-06	25	18
2764	6.09	2026-03-07 13:31:08.318108-06	39	18
2765	7.19	2026-03-07 13:31:08.31932-06	40	18
2766	1.29	2026-03-07 13:31:08.321558-06	26	18
2767	1.19	2026-03-07 13:31:08.324125-06	27	18
2768	1.39	2026-03-07 13:31:08.325151-06	28	18
2769	1.49	2026-03-07 13:31:08.326133-06	29	18
2770	4.49	2026-03-07 13:31:08.327227-06	30	18
2771	1.39	2026-03-07 13:31:08.328214-06	31	18
2772	3.89	2026-03-07 13:31:08.329213-06	41	18
2773	2.59	2026-03-07 13:31:08.329213-06	32	18
2774	3.69	2026-03-07 13:31:08.332649-06	33	18
2775	0.79	2026-03-07 13:31:08.333605-06	1	19
2776	2.89	2026-03-07 13:31:08.334586-06	2	19
2777	4.89	2026-03-07 13:31:08.335588-06	34	19
2778	1.89	2026-03-07 13:31:08.336566-06	3	19
2779	1.99	2026-03-07 13:31:08.337807-06	4	19
2780	1.99	2026-03-07 13:31:08.340706-06	5	19
2781	3.49	2026-03-07 13:31:08.342125-06	6	19
2782	3.99	2026-03-07 13:31:08.343131-06	7	19
2783	1.29	2026-03-07 13:31:08.344129-06	8	19
2784	2.39	2026-03-07 13:31:08.34513-06	9	19
2785	0.79	2026-03-07 13:31:08.34613-06	10	19
2786	2.69	2026-03-07 13:31:08.347142-06	11	19
2787	1.59	2026-03-07 13:31:08.34817-06	12	19
2788	0.99	2026-03-07 13:31:08.349169-06	13	19
2789	1.99	2026-03-07 13:31:08.350168-06	35	19
2790	2.09	2026-03-07 13:31:08.351148-06	36	19
2791	1.99	2026-03-07 13:31:08.352147-06	14	19
2792	1.39	2026-03-07 13:31:08.354278-06	15	19
2793	0.79	2026-03-07 13:31:08.356757-06	16	19
2794	2.49	2026-03-07 13:31:08.358401-06	17	19
2795	2.19	2026-03-07 13:31:08.359136-06	18	19
2796	3.69	2026-03-07 13:31:08.360589-06	19	19
2797	3.59	2026-03-07 13:31:08.361595-06	37	19
2798	3.59	2026-03-07 13:31:08.362594-06	20	19
2799	2.29	2026-03-07 13:31:08.363595-06	21	19
2800	1.89	2026-03-07 13:31:08.364596-06	38	19
2801	1.69	2026-03-07 13:31:08.365408-06	22	19
2802	0.49	2026-03-07 13:31:08.366435-06	23	19
2803	0.99	2026-03-07 13:31:08.367434-06	24	19
2804	5.19	2026-03-07 13:31:08.368433-06	25	19
2805	6.09	2026-03-07 13:31:08.369435-06	39	19
2806	6.99	2026-03-07 13:31:08.371608-06	40	19
2807	1.19	2026-03-07 13:31:08.374001-06	26	19
2808	1.39	2026-03-07 13:31:08.374998-06	27	19
2809	1.29	2026-03-07 13:31:08.376434-06	28	19
2810	1.59	2026-03-07 13:31:08.377096-06	29	19
2811	4.39	2026-03-07 13:31:08.378122-06	30	19
2812	1.39	2026-03-07 13:31:08.378122-06	31	19
2813	3.99	2026-03-07 13:31:08.378122-06	41	19
2814	2.49	2026-03-07 13:31:08.378122-06	32	19
2815	3.69	2026-03-07 13:31:08.383215-06	33	19
2816	0.69	2026-03-07 13:31:08.385197-06	1	20
2817	2.99	2026-03-07 13:31:08.3862-06	2	20
2818	4.89	2026-03-07 13:31:08.38718-06	34	20
2819	1.69	2026-03-07 13:31:08.389618-06	3	20
2820	1.89	2026-03-07 13:31:08.390624-06	4	20
2821	1.89	2026-03-07 13:31:08.391644-06	5	20
2822	3.49	2026-03-07 13:31:08.393351-06	6	20
2823	4.09	2026-03-07 13:31:08.394954-06	7	20
2824	1.19	2026-03-07 13:31:08.394954-06	8	20
2825	2.49	2026-03-07 13:31:08.394954-06	9	20
2826	0.69	2026-03-07 13:31:08.394954-06	10	20
2827	2.59	2026-03-07 13:31:08.394954-06	11	20
2828	1.49	2026-03-07 13:31:08.394954-06	12	20
2829	1.09	2026-03-07 13:31:08.400755-06	13	20
2830	1.99	2026-03-07 13:31:08.401761-06	35	20
2831	2.19	2026-03-07 13:31:08.40276-06	36	20
2832	1.99	2026-03-07 13:31:08.404734-06	14	20
2833	1.29	2026-03-07 13:31:08.407183-06	15	20
2834	0.79	2026-03-07 13:31:08.408191-06	16	20
2835	2.39	2026-03-07 13:31:08.409189-06	17	20
2836	2.29	2026-03-07 13:31:08.410189-06	18	20
2837	3.79	2026-03-07 13:31:08.411189-06	19	20
2838	3.49	2026-03-07 13:31:08.412209-06	37	20
2839	3.39	2026-03-07 13:31:08.412209-06	20	20
2840	2.19	2026-03-07 13:31:08.413893-06	21	20
2841	2.19	2026-03-07 13:31:08.41496-06	38	20
2842	1.59	2026-03-07 13:31:08.415966-06	22	20
2843	0.59	2026-03-07 13:31:08.416966-06	23	20
2844	1.09	2026-03-07 13:31:08.417969-06	24	20
2845	4.99	2026-03-07 13:31:08.418966-06	25	20
2846	6.09	2026-03-07 13:31:08.422306-06	39	20
2847	6.99	2026-03-07 13:31:08.423293-06	40	20
2848	1.29	2026-03-07 13:31:08.424967-06	26	20
2849	1.49	2026-03-07 13:31:08.42684-06	27	20
2850	1.49	2026-03-07 13:31:08.427838-06	28	20
2851	1.49	2026-03-07 13:31:08.428838-06	29	20
2852	4.59	2026-03-07 13:31:08.429837-06	30	20
2853	1.49	2026-03-07 13:31:08.430839-06	31	20
2854	3.99	2026-03-07 13:31:08.432499-06	41	20
2855	2.59	2026-03-07 13:31:08.433953-06	32	20
2856	3.79	2026-03-07 13:31:08.435016-06	33	20
2857	0.79	2026-03-07 13:31:08.437474-06	1	21
2858	2.99	2026-03-07 13:31:08.439807-06	2	21
2859	4.79	2026-03-07 13:31:08.44098-06	34	21
2860	1.79	2026-03-07 13:31:08.443021-06	3	21
2861	1.89	2026-03-07 13:31:08.444012-06	4	21
2862	1.89	2026-03-07 13:31:08.444716-06	5	21
2863	3.39	2026-03-07 13:31:08.445532-06	6	21
2864	3.89	2026-03-07 13:31:08.447559-06	7	21
2865	1.39	2026-03-07 13:31:08.448559-06	8	21
2866	2.49	2026-03-07 13:31:08.449417-06	9	21
2867	0.69	2026-03-07 13:31:08.449911-06	10	21
2868	2.49	2026-03-07 13:31:08.450938-06	11	21
2869	1.69	2026-03-07 13:31:08.450938-06	12	21
2870	0.89	2026-03-07 13:31:08.454309-06	13	21
2871	2.09	2026-03-07 13:31:08.454309-06	35	21
2872	2.09	2026-03-07 13:31:08.457921-06	36	21
2873	1.99	2026-03-07 13:31:08.459311-06	14	21
2874	1.19	2026-03-07 13:31:08.460323-06	15	21
2875	0.89	2026-03-07 13:31:08.461411-06	16	21
2876	2.49	2026-03-07 13:31:08.462398-06	17	21
2877	2.19	2026-03-07 13:31:08.462398-06	18	21
2878	3.79	2026-03-07 13:31:08.465758-06	19	21
2879	3.59	2026-03-07 13:31:08.466755-06	37	21
2880	3.49	2026-03-07 13:31:08.467857-06	20	21
2881	2.19	2026-03-07 13:31:08.468834-06	21	21
2882	1.99	2026-03-07 13:31:08.471089-06	38	21
2883	1.69	2026-03-07 13:31:08.473818-06	22	21
2884	0.69	2026-03-07 13:31:08.475548-06	23	21
2885	0.99	2026-03-07 13:31:08.4764-06	24	21
2886	5.09	2026-03-07 13:31:08.477408-06	25	21
2887	5.89	2026-03-07 13:31:08.478406-06	39	21
2888	6.89	2026-03-07 13:31:08.478406-06	40	21
2889	1.39	2026-03-07 13:31:08.478406-06	26	21
2890	1.29	2026-03-07 13:31:08.482386-06	27	21
2891	1.19	2026-03-07 13:31:08.483411-06	28	21
2892	1.49	2026-03-07 13:31:08.484409-06	29	21
2893	4.29	2026-03-07 13:31:08.485409-06	30	21
2894	1.39	2026-03-07 13:31:08.48639-06	31	21
2895	3.89	2026-03-07 13:31:08.489909-06	41	21
2896	2.69	2026-03-07 13:31:08.490915-06	32	21
2897	3.59	2026-03-07 13:31:08.492537-06	33	21
2898	0.59	2026-03-07 13:31:08.494318-06	1	22
2899	2.69	2026-03-07 13:31:08.495295-06	2	22
2900	4.79	2026-03-07 13:31:08.495295-06	34	22
2901	1.59	2026-03-07 13:31:08.495295-06	3	22
2902	1.79	2026-03-07 13:31:08.495295-06	4	22
2903	1.89	2026-03-07 13:31:08.499548-06	5	22
2904	3.49	2026-03-07 13:31:08.500849-06	6	22
2905	3.89	2026-03-07 13:31:08.501854-06	7	22
2906	1.39	2026-03-07 13:31:08.502854-06	8	22
2907	2.59	2026-03-07 13:31:08.504184-06	9	22
2908	0.79	2026-03-07 13:31:08.506768-06	10	22
2909	2.49	2026-03-07 13:31:08.507806-06	11	22
2910	1.39	2026-03-07 13:31:08.50983-06	12	22
2911	0.79	2026-03-07 13:31:08.511526-06	13	22
2912	1.99	2026-03-07 13:31:08.512537-06	35	22
2913	1.89	2026-03-07 13:31:08.513564-06	36	22
2914	1.79	2026-03-07 13:31:08.514568-06	14	22
2915	1.39	2026-03-07 13:31:08.515565-06	15	22
2916	0.79	2026-03-07 13:31:08.516562-06	16	22
2917	2.29	2026-03-07 13:31:08.517566-06	17	22
2918	2.29	2026-03-07 13:31:08.51888-06	18	22
2919	3.79	2026-03-07 13:31:08.521471-06	19	22
2920	3.59	2026-03-07 13:31:08.523498-06	37	22
2921	3.49	2026-03-07 13:31:08.524477-06	20	22
2922	2.29	2026-03-07 13:31:08.525661-06	21	22
2923	1.99	2026-03-07 13:31:08.527712-06	38	22
2924	1.59	2026-03-07 13:31:08.528718-06	22	22
2925	0.79	2026-03-07 13:31:08.529717-06	23	22
2926	1.29	2026-03-07 13:31:08.530728-06	24	22
2927	4.99	2026-03-07 13:31:08.532012-06	25	22
2928	5.99	2026-03-07 13:31:08.533045-06	39	22
2929	7.09	2026-03-07 13:31:08.534037-06	40	22
2930	1.39	2026-03-07 13:31:08.535037-06	26	22
2931	1.39	2026-03-07 13:31:08.537023-06	27	22
2932	1.39	2026-03-07 13:31:08.537476-06	28	22
2933	1.69	2026-03-07 13:31:08.54086-06	29	22
2934	4.69	2026-03-07 13:31:08.541855-06	30	22
2935	1.49	2026-03-07 13:31:08.542856-06	31	22
2936	3.99	2026-03-07 13:31:08.543857-06	41	22
2937	2.49	2026-03-07 13:31:08.543857-06	32	22
2938	3.69	2026-03-07 13:31:08.543857-06	33	22
2939	0.59	2026-03-07 13:31:08.543857-06	1	23
2940	2.69	2026-03-07 13:31:08.543857-06	2	23
2941	4.69	2026-03-07 13:31:08.543857-06	34	23
2942	1.69	2026-03-07 13:31:08.55107-06	3	23
2943	1.59	2026-03-07 13:31:08.552596-06	4	23
2944	1.89	2026-03-07 13:31:08.554681-06	5	23
2945	3.39	2026-03-07 13:31:08.556684-06	6	23
2946	3.89	2026-03-07 13:31:08.55768-06	7	23
2947	1.49	2026-03-07 13:31:08.559687-06	8	23
2948	2.49	2026-03-07 13:31:08.560686-06	9	23
2949	0.79	2026-03-07 13:31:08.561686-06	10	23
2950	2.49	2026-03-07 13:31:08.561686-06	11	23
2951	1.79	2026-03-07 13:31:08.562687-06	12	23
2952	1.09	2026-03-07 13:31:08.56506-06	13	23
2953	1.99	2026-03-07 13:31:08.566059-06	35	23
2954	2.09	2026-03-07 13:31:08.567059-06	36	23
2955	1.99	2026-03-07 13:31:08.568058-06	14	23
2956	1.39	2026-03-07 13:31:08.569059-06	15	23
2957	0.59	2026-03-07 13:31:08.571516-06	16	23
2958	2.09	2026-03-07 13:31:08.573524-06	17	23
2959	2.19	2026-03-07 13:31:08.574284-06	18	23
2960	3.79	2026-03-07 13:31:08.575775-06	19	23
2961	3.59	2026-03-07 13:31:08.576598-06	37	23
2962	3.69	2026-03-07 13:31:08.577871-06	20	23
2963	2.19	2026-03-07 13:31:08.578897-06	21	23
2964	2.09	2026-03-07 13:31:08.579897-06	38	23
2965	1.79	2026-03-07 13:31:08.581273-06	22	23
2966	0.49	2026-03-07 13:31:08.582069-06	23	23
2967	1.09	2026-03-07 13:31:08.583094-06	24	23
2968	4.89	2026-03-07 13:31:08.584094-06	25	23
2969	6.09	2026-03-07 13:31:08.585093-06	39	23
2970	6.89	2026-03-07 13:31:08.586569-06	40	23
2971	1.19	2026-03-07 13:31:08.588584-06	26	23
2972	1.29	2026-03-07 13:31:08.588584-06	27	23
2973	1.29	2026-03-07 13:31:08.588584-06	28	23
2974	1.59	2026-03-07 13:31:08.588584-06	29	23
2975	4.49	2026-03-07 13:31:08.594589-06	30	23
2976	1.29	2026-03-07 13:31:08.595661-06	31	23
2977	4.09	2026-03-07 13:31:08.596678-06	41	23
2978	2.49	2026-03-07 13:31:08.597682-06	32	23
2979	3.79	2026-03-07 13:31:08.599353-06	33	23
2980	0.89	2026-03-07 13:31:08.601047-06	1	24
2981	2.79	2026-03-07 13:31:08.602023-06	2	24
2982	4.79	2026-03-07 13:31:08.603023-06	34	24
2983	1.79	2026-03-07 13:31:08.604025-06	3	24
2984	1.69	2026-03-07 13:31:08.604025-06	4	24
2985	1.89	2026-03-07 13:31:08.604025-06	5	24
2986	3.59	2026-03-07 13:31:08.604025-06	6	24
2987	4.09	2026-03-07 13:31:08.610037-06	7	24
2988	1.19	2026-03-07 13:31:08.611161-06	8	24
2989	2.59	2026-03-07 13:31:08.61217-06	9	24
2990	0.79	2026-03-07 13:31:08.613168-06	10	24
2991	2.49	2026-03-07 13:31:08.614167-06	11	24
2992	1.79	2026-03-07 13:31:08.61517-06	12	24
2993	1.09	2026-03-07 13:31:08.617327-06	13	24
2994	2.09	2026-03-07 13:31:08.618326-06	35	24
2995	1.99	2026-03-07 13:31:08.619326-06	36	24
2996	1.99	2026-03-07 13:31:08.621008-06	14	24
2997	1.19	2026-03-07 13:31:08.621008-06	15	24
2998	0.49	2026-03-07 13:31:08.625034-06	16	24
2999	2.29	2026-03-07 13:31:08.626032-06	17	24
3000	2.19	2026-03-07 13:31:08.62703-06	18	24
3001	3.89	2026-03-07 13:31:08.62771-06	19	24
3002	3.49	2026-03-07 13:31:08.628723-06	37	24
3003	3.49	2026-03-07 13:31:08.629721-06	20	24
3004	2.09	2026-03-07 13:31:08.63076-06	21	24
3005	2.09	2026-03-07 13:31:08.632027-06	38	24
3006	1.59	2026-03-07 13:31:08.633036-06	22	24
3007	0.79	2026-03-07 13:31:08.634032-06	23	24
3008	0.89	2026-03-07 13:31:08.635033-06	24	24
3009	5.09	2026-03-07 13:31:08.637744-06	25	24
3010	5.89	2026-03-07 13:31:08.640067-06	39	24
3011	6.99	2026-03-07 13:31:08.641064-06	40	24
3012	1.29	2026-03-07 13:31:08.642669-06	26	24
3013	1.29	2026-03-07 13:31:08.644127-06	27	24
3014	1.09	2026-03-07 13:31:08.644127-06	28	24
3015	1.79	2026-03-07 13:31:08.644127-06	29	24
3016	4.39	2026-03-07 13:31:08.644127-06	30	24
3017	1.49	2026-03-07 13:31:08.644127-06	31	24
3018	4.19	2026-03-07 13:31:08.649375-06	41	24
3019	2.49	2026-03-07 13:31:08.650495-06	32	24
3020	3.59	2026-03-07 13:31:08.651502-06	33	24
3021	0.59	2026-03-07 13:31:08.653502-06	1	25
3022	2.79	2026-03-07 13:31:08.656058-06	2	25
3023	4.59	2026-03-07 13:31:08.657065-06	34	25
3024	1.79	2026-03-07 13:31:08.659091-06	3	25
3025	1.89	2026-03-07 13:31:08.660065-06	4	25
3026	1.79	2026-03-07 13:31:08.660065-06	5	25
3027	3.39	2026-03-07 13:31:08.660065-06	6	25
3028	3.99	2026-03-07 13:31:08.660065-06	7	25
3029	1.19	2026-03-07 13:31:08.660065-06	8	25
3030	2.49	2026-03-07 13:31:08.660065-06	9	25
3031	0.79	2026-03-07 13:31:08.660065-06	10	25
3032	2.49	2026-03-07 13:31:08.667821-06	11	25
3033	1.69	2026-03-07 13:31:08.669833-06	12	25
3034	0.99	2026-03-07 13:31:08.67146-06	13	25
3035	1.99	2026-03-07 13:31:08.673862-06	35	25
3036	2.09	2026-03-07 13:31:08.67487-06	36	25
3037	1.99	2026-03-07 13:31:08.675869-06	14	25
3038	1.19	2026-03-07 13:31:08.67787-06	15	25
3039	0.49	2026-03-07 13:31:08.67887-06	16	25
3040	2.49	2026-03-07 13:31:08.67887-06	17	25
3041	2.19	2026-03-07 13:31:08.67887-06	18	25
3042	3.79	2026-03-07 13:31:08.682955-06	19	25
3043	3.59	2026-03-07 13:31:08.684111-06	37	25
3044	3.59	2026-03-07 13:31:08.685144-06	20	25
3045	2.19	2026-03-07 13:31:08.686198-06	21	25
3046	2.09	2026-03-07 13:31:08.689427-06	38	25
3047	1.59	2026-03-07 13:31:08.691466-06	22	25
3048	0.79	2026-03-07 13:31:08.692437-06	23	25
3049	1.09	2026-03-07 13:31:08.69344-06	24	25
3050	4.99	2026-03-07 13:31:08.694499-06	25	25
3051	5.99	2026-03-07 13:31:08.696625-06	39	25
3052	6.99	2026-03-07 13:31:08.697202-06	40	25
3053	1.19	2026-03-07 13:31:08.698425-06	26	25
3054	1.09	2026-03-07 13:31:08.699435-06	27	25
3055	1.29	2026-03-07 13:31:08.700436-06	28	25
3056	1.69	2026-03-07 13:31:08.701437-06	29	25
3057	4.39	2026-03-07 13:31:08.702043-06	30	25
3058	1.49	2026-03-07 13:31:08.704699-06	31	25
3059	3.99	2026-03-07 13:31:08.708186-06	41	25
3060	2.49	2026-03-07 13:31:08.710213-06	32	25
3061	3.59	2026-03-07 13:31:08.711193-06	33	25
3062	0.59	2026-03-07 13:31:08.712192-06	1	26
3063	2.89	2026-03-07 13:31:08.713211-06	2	26
3064	4.99	2026-03-07 13:31:08.713211-06	34	26
3065	1.89	2026-03-07 13:31:08.715861-06	3	26
3066	1.89	2026-03-07 13:31:08.717146-06	4	26
3067	1.79	2026-03-07 13:31:08.718152-06	5	26
3068	3.59	2026-03-07 13:31:08.719151-06	6	26
3069	4.09	2026-03-07 13:31:08.720152-06	7	26
3070	1.29	2026-03-07 13:31:08.723429-06	8	26
3071	2.49	2026-03-07 13:31:08.724787-06	9	26
3072	0.59	2026-03-07 13:31:08.725787-06	10	26
3073	2.39	2026-03-07 13:31:08.726785-06	11	26
3074	1.69	2026-03-07 13:31:08.727784-06	12	26
3075	0.79	2026-03-07 13:31:08.729293-06	13	26
3076	2.09	2026-03-07 13:31:08.729932-06	35	26
3077	1.99	2026-03-07 13:31:08.732123-06	36	26
3078	1.99	2026-03-07 13:31:08.733121-06	14	26
3079	1.09	2026-03-07 13:31:08.734434-06	15	26
3080	0.69	2026-03-07 13:31:08.734434-06	16	26
3081	2.39	2026-03-07 13:31:08.737525-06	17	26
3082	2.29	2026-03-07 13:31:08.737525-06	18	26
3083	3.69	2026-03-07 13:31:08.737525-06	19	26
3084	3.49	2026-03-07 13:31:08.741799-06	37	26
3085	3.49	2026-03-07 13:31:08.743806-06	20	26
3086	2.29	2026-03-07 13:31:08.744805-06	21	26
3087	2.09	2026-03-07 13:31:08.745805-06	38	26
3088	1.89	2026-03-07 13:31:08.746805-06	22	26
3089	0.69	2026-03-07 13:31:08.746805-06	23	26
3090	0.99	2026-03-07 13:31:08.749643-06	24	26
3091	4.99	2026-03-07 13:31:08.750626-06	25	26
3092	5.99	2026-03-07 13:31:08.751624-06	39	26
3093	6.99	2026-03-07 13:31:08.752623-06	40	26
3094	1.29	2026-03-07 13:31:08.75415-06	26	26
3095	1.39	2026-03-07 13:31:08.756991-06	27	26
3096	1.29	2026-03-07 13:31:08.757999-06	28	26
3097	1.59	2026-03-07 13:31:08.758682-06	29	26
3098	4.39	2026-03-07 13:31:08.759729-06	30	26
3099	1.39	2026-03-07 13:31:08.760712-06	31	26
3100	4.09	2026-03-07 13:31:08.76172-06	41	26
3101	2.59	2026-03-07 13:31:08.762719-06	32	26
3102	3.89	2026-03-07 13:31:08.764444-06	33	26
3103	0.79	2026-03-07 13:31:08.766443-06	1	27
3104	2.99	2026-03-07 13:31:08.767443-06	2	27
3105	4.89	2026-03-07 13:31:08.768444-06	34	27
3106	1.89	2026-03-07 13:31:08.769686-06	3	27
3107	1.79	2026-03-07 13:31:08.772273-06	4	27
3108	1.79	2026-03-07 13:31:08.773262-06	5	27
3109	3.49	2026-03-07 13:31:08.774958-06	6	27
3110	4.09	2026-03-07 13:31:08.77669-06	7	27
3111	1.39	2026-03-07 13:31:08.777355-06	8	27
3112	2.49	2026-03-07 13:31:08.778248-06	9	27
3113	0.49	2026-03-07 13:31:08.779253-06	10	27
3114	2.69	2026-03-07 13:31:08.780251-06	11	27
3115	1.59	2026-03-07 13:31:08.781805-06	12	27
3116	0.99	2026-03-07 13:31:08.782812-06	13	27
3117	2.09	2026-03-07 13:31:08.783811-06	35	27
3118	1.89	2026-03-07 13:31:08.78481-06	36	27
3119	2.09	2026-03-07 13:31:08.78581-06	14	27
3120	1.29	2026-03-07 13:31:08.786812-06	15	27
3121	0.69	2026-03-07 13:31:08.789346-06	16	27
3122	2.29	2026-03-07 13:31:08.790353-06	17	27
3123	2.39	2026-03-07 13:31:08.792378-06	18	27
3124	3.79	2026-03-07 13:31:08.793353-06	19	27
3125	3.49	2026-03-07 13:31:08.794353-06	37	27
3126	3.59	2026-03-07 13:31:08.795863-06	20	27
3127	2.19	2026-03-07 13:31:08.796508-06	21	27
3128	1.99	2026-03-07 13:31:08.797453-06	38	27
3129	1.59	2026-03-07 13:31:08.798465-06	22	27
3130	0.59	2026-03-07 13:31:08.799479-06	23	27
3131	0.99	2026-03-07 13:31:08.800457-06	24	27
3132	5.09	2026-03-07 13:31:08.801457-06	25	27
3133	5.99	2026-03-07 13:31:08.803204-06	39	27
3134	6.99	2026-03-07 13:31:08.805137-06	40	27
3135	1.39	2026-03-07 13:31:08.807862-06	26	27
3136	1.39	2026-03-07 13:31:08.808868-06	27	27
3137	1.29	2026-03-07 13:31:08.810871-06	28	27
3138	1.49	2026-03-07 13:31:08.81187-06	29	27
3139	4.49	2026-03-07 13:31:08.812867-06	30	27
3140	1.59	2026-03-07 13:31:08.814339-06	31	27
3141	4.09	2026-03-07 13:31:08.815429-06	41	27
3142	2.59	2026-03-07 13:31:08.816618-06	32	27
3143	3.69	2026-03-07 13:31:08.817626-06	33	27
3144	0.79	2026-03-07 13:31:08.818625-06	1	28
3145	2.99	2026-03-07 13:31:08.821129-06	2	28
3146	4.79	2026-03-07 13:31:08.822733-06	34	28
3147	1.79	2026-03-07 13:31:08.824778-06	3	28
3148	1.89	2026-03-07 13:31:08.825736-06	4	28
3149	1.89	2026-03-07 13:31:08.827186-06	5	28
3150	3.49	2026-03-07 13:31:08.827186-06	6	28
3151	4.09	2026-03-07 13:31:08.827186-06	7	28
3152	1.19	2026-03-07 13:31:08.827186-06	8	28
3153	2.39	2026-03-07 13:31:08.827186-06	9	28
3154	0.69	2026-03-07 13:31:08.827186-06	10	28
3155	2.49	2026-03-07 13:31:08.832648-06	11	28
3156	1.59	2026-03-07 13:31:08.833654-06	12	28
3157	1.39	2026-03-07 13:31:08.834653-06	13	28
3158	1.89	2026-03-07 13:31:08.835654-06	35	28
3159	1.89	2026-03-07 13:31:08.837885-06	36	28
3160	1.89	2026-03-07 13:31:08.839953-06	14	28
3161	1.29	2026-03-07 13:31:08.840954-06	15	28
3162	0.89	2026-03-07 13:31:08.842498-06	16	28
3163	2.29	2026-03-07 13:31:08.843831-06	17	28
3164	2.39	2026-03-07 13:31:08.843831-06	18	28
3165	3.69	2026-03-07 13:31:08.843831-06	19	28
3166	3.69	2026-03-07 13:31:08.843831-06	37	28
3167	3.59	2026-03-07 13:31:08.843831-06	20	28
3168	2.09	2026-03-07 13:31:08.849664-06	21	28
3169	2.09	2026-03-07 13:31:08.850672-06	38	28
3170	1.79	2026-03-07 13:31:08.852672-06	22	28
3171	0.59	2026-03-07 13:31:08.853058-06	23	28
3172	1.09	2026-03-07 13:31:08.855715-06	24	28
3173	4.99	2026-03-07 13:31:08.857871-06	25	28
3174	6.19	2026-03-07 13:31:08.858872-06	39	28
3175	7.09	2026-03-07 13:31:08.860264-06	40	28
3176	1.19	2026-03-07 13:31:08.861026-06	26	28
3177	1.29	2026-03-07 13:31:08.862078-06	27	28
3178	1.29	2026-03-07 13:31:08.864078-06	28	28
3179	1.69	2026-03-07 13:31:08.865079-06	29	28
3180	4.39	2026-03-07 13:31:08.866077-06	30	28
3181	1.59	2026-03-07 13:31:08.871179-06	31	28
3182	4.09	2026-03-07 13:31:08.871179-06	41	28
3183	2.49	2026-03-07 13:31:08.875292-06	32	28
3184	3.69	2026-03-07 13:31:08.876381-06	33	28
3185	0.79	2026-03-07 13:31:08.878346-06	1	29
3186	2.79	2026-03-07 13:31:08.879296-06	2	29
3187	4.69	2026-03-07 13:31:08.88163-06	34	29
3188	1.79	2026-03-07 13:31:08.882663-06	3	29
3189	1.79	2026-03-07 13:31:08.883658-06	4	29
3190	1.89	2026-03-07 13:31:08.885659-06	5	29
3191	3.39	2026-03-07 13:31:08.886635-06	6	29
3192	4.09	2026-03-07 13:31:08.889066-06	7	29
3193	1.39	2026-03-07 13:31:08.890074-06	8	29
3194	2.59	2026-03-07 13:31:08.891555-06	9	29
3195	0.89	2026-03-07 13:31:08.893142-06	10	29
3196	2.59	2026-03-07 13:31:08.893142-06	11	29
3197	1.69	2026-03-07 13:31:08.893142-06	12	29
3198	1.09	2026-03-07 13:31:08.893142-06	13	29
3199	1.99	2026-03-07 13:31:08.893142-06	35	29
3200	2.09	2026-03-07 13:31:08.893142-06	36	29
3201	2.09	2026-03-07 13:31:08.900072-06	14	29
3202	1.09	2026-03-07 13:31:08.901081-06	15	29
3203	0.69	2026-03-07 13:31:08.902079-06	16	29
3204	2.49	2026-03-07 13:31:08.90308-06	17	29
3205	2.29	2026-03-07 13:31:08.904502-06	18	29
3206	3.89	2026-03-07 13:31:08.907023-06	19	29
3207	3.49	2026-03-07 13:31:08.908032-06	37	29
3208	3.49	2026-03-07 13:31:08.908875-06	20	29
3209	2.19	2026-03-07 13:31:08.909939-06	21	29
3210	2.09	2026-03-07 13:31:08.910943-06	38	29
3211	1.59	2026-03-07 13:31:08.912495-06	22	29
3212	0.79	2026-03-07 13:31:08.91294-06	23	29
3213	1.19	2026-03-07 13:31:08.915194-06	24	29
3214	5.09	2026-03-07 13:31:08.916194-06	25	29
3215	6.09	2026-03-07 13:31:08.917193-06	39	29
3216	7.19	2026-03-07 13:31:08.917987-06	40	29
3217	1.39	2026-03-07 13:31:08.918732-06	26	29
3218	1.19	2026-03-07 13:31:08.920739-06	27	29
3219	1.19	2026-03-07 13:31:08.923075-06	28	29
3220	1.49	2026-03-07 13:31:08.924053-06	29	29
3221	4.59	2026-03-07 13:31:08.925667-06	30	29
3222	1.39	2026-03-07 13:31:08.926214-06	31	29
3223	3.89	2026-03-07 13:31:08.927305-06	41	29
3224	2.49	2026-03-07 13:31:08.928231-06	32	29
3225	3.79	2026-03-07 13:31:08.929245-06	33	29
3226	0.69	2026-03-07 13:31:08.931054-06	1	30
3227	2.79	2026-03-07 13:31:08.933059-06	2	30
3228	4.79	2026-03-07 13:31:08.934058-06	34	30
3229	1.79	2026-03-07 13:31:08.935058-06	3	30
3230	1.79	2026-03-07 13:31:08.936771-06	4	30
3231	1.79	2026-03-07 13:31:08.939397-06	5	30
3232	3.39	2026-03-07 13:31:08.940403-06	6	30
3233	4.09	2026-03-07 13:31:08.941402-06	7	30
3234	1.29	2026-03-07 13:31:08.942402-06	8	30
3235	2.69	2026-03-07 13:31:08.943401-06	9	30
3236	0.59	2026-03-07 13:31:08.944401-06	10	30
3237	2.59	2026-03-07 13:31:08.946373-06	11	30
3238	1.59	2026-03-07 13:31:08.94685-06	12	30
3239	0.99	2026-03-07 13:31:08.947912-06	13	30
3240	2.09	2026-03-07 13:31:08.948918-06	35	30
3241	2.09	2026-03-07 13:31:08.949917-06	36	30
3242	2.09	2026-03-07 13:31:08.950917-06	14	30
3243	1.19	2026-03-07 13:31:08.952573-06	15	30
3244	0.49	2026-03-07 13:31:08.954491-06	16	30
3245	2.29	2026-03-07 13:31:08.956517-06	17	30
3246	2.39	2026-03-07 13:31:08.957476-06	18	30
3247	3.79	2026-03-07 13:31:08.959113-06	19	30
3248	3.49	2026-03-07 13:31:08.960094-06	37	30
3249	3.39	2026-03-07 13:31:08.961093-06	20	30
3250	2.29	2026-03-07 13:31:08.962113-06	21	30
3251	1.89	2026-03-07 13:31:08.962113-06	38	30
3252	1.59	2026-03-07 13:31:08.964058-06	22	30
3253	0.49	2026-03-07 13:31:08.96491-06	23	30
3254	0.99	2026-03-07 13:31:08.96582-06	24	30
3255	5.09	2026-03-07 13:31:08.966824-06	25	30
3256	5.89	2026-03-07 13:31:08.967823-06	39	30
3257	6.99	2026-03-07 13:31:08.968823-06	40	30
3258	1.49	2026-03-07 13:31:08.97083-06	26	30
3259	1.29	2026-03-07 13:31:08.972748-06	27	30
3260	1.39	2026-03-07 13:31:08.97448-06	28	30
3261	1.49	2026-03-07 13:31:08.975661-06	29	30
3262	4.49	2026-03-07 13:31:08.976681-06	30	30
3263	1.49	2026-03-07 13:31:08.978677-06	31	30
3264	4.19	2026-03-07 13:31:08.979684-06	41	30
3265	2.39	2026-03-07 13:31:08.980683-06	32	30
3266	3.99	2026-03-07 13:31:08.981683-06	33	30
3267	0.59	2026-03-07 13:31:08.983136-06	1	31
3268	2.89	2026-03-07 13:31:08.983136-06	2	31
3269	4.79	2026-03-07 13:31:08.985099-06	34	31
3270	1.89	2026-03-07 13:31:08.985537-06	3	31
3271	1.99	2026-03-07 13:31:08.987815-06	4	31
3272	1.79	2026-03-07 13:31:08.989322-06	5	31
3273	3.49	2026-03-07 13:31:08.990894-06	6	31
3274	3.99	2026-03-07 13:31:08.991657-06	7	31
3275	1.29	2026-03-07 13:31:08.992682-06	8	31
3276	2.49	2026-03-07 13:31:08.993684-06	9	31
3277	0.59	2026-03-07 13:31:08.994685-06	10	31
3278	2.69	2026-03-07 13:31:08.995662-06	11	31
3279	1.59	2026-03-07 13:31:08.996661-06	12	31
3280	0.69	2026-03-07 13:31:08.998471-06	13	31
3281	2.09	2026-03-07 13:31:08.999478-06	35	31
3282	1.99	2026-03-07 13:31:09.000497-06	36	31
3283	1.99	2026-03-07 13:31:09.001477-06	14	31
3284	1.29	2026-03-07 13:31:09.002495-06	15	31
3285	0.79	2026-03-07 13:31:09.002495-06	16	31
3286	2.39	2026-03-07 13:31:09.005667-06	17	31
3287	2.19	2026-03-07 13:31:09.007146-06	18	31
3288	3.99	2026-03-07 13:31:09.008126-06	19	31
3289	3.49	2026-03-07 13:31:09.009992-06	37	31
3290	3.49	2026-03-07 13:31:09.0117-06	20	31
3291	1.99	2026-03-07 13:31:09.012098-06	21	31
3292	2.09	2026-03-07 13:31:09.013134-06	38	31
3293	1.59	2026-03-07 13:31:09.014139-06	22	31
3294	0.59	2026-03-07 13:31:09.015134-06	23	31
3295	1.09	2026-03-07 13:31:09.016109-06	24	31
3296	5.09	2026-03-07 13:31:09.017978-06	25	31
3297	5.99	2026-03-07 13:31:09.018986-06	39	31
3298	6.99	2026-03-07 13:31:09.019984-06	40	31
3299	1.19	2026-03-07 13:31:09.022457-06	26	31
3300	1.09	2026-03-07 13:31:09.023427-06	27	31
3301	1.19	2026-03-07 13:31:09.025282-06	28	31
3302	1.59	2026-03-07 13:31:09.026316-06	29	31
3303	4.49	2026-03-07 13:31:09.027318-06	30	31
3304	1.59	2026-03-07 13:31:09.028513-06	31	31
3305	3.79	2026-03-07 13:31:09.029517-06	41	31
3306	2.19	2026-03-07 13:31:09.031344-06	32	31
3307	3.89	2026-03-07 13:31:09.031953-06	33	31
3308	0.79	2026-03-07 13:31:09.034115-06	1	32
3309	2.59	2026-03-07 13:31:09.034605-06	2	32
3310	4.89	2026-03-07 13:31:09.035609-06	34	32
3311	1.99	2026-03-07 13:31:09.037493-06	3	32
3312	1.79	2026-03-07 13:31:09.0394-06	4	32
3313	1.89	2026-03-07 13:31:09.0414-06	5	32
3314	3.59	2026-03-07 13:31:09.042403-06	6	32
3315	4.19	2026-03-07 13:31:09.0434-06	7	32
3316	1.29	2026-03-07 13:31:09.044891-06	8	32
3317	2.39	2026-03-07 13:31:09.045901-06	9	32
3318	0.69	2026-03-07 13:31:09.046897-06	10	32
3319	2.49	2026-03-07 13:31:09.047897-06	11	32
3320	1.49	2026-03-07 13:31:09.048898-06	12	32
3321	1.09	2026-03-07 13:31:09.049898-06	13	32
3322	2.19	2026-03-07 13:31:09.049898-06	35	32
3323	1.99	2026-03-07 13:31:09.052655-06	36	32
3324	1.99	2026-03-07 13:31:09.054583-06	14	32
3325	1.29	2026-03-07 13:31:09.056593-06	15	32
3326	0.79	2026-03-07 13:31:09.0584-06	16	32
3327	2.29	2026-03-07 13:31:09.058921-06	17	32
3328	2.09	2026-03-07 13:31:09.060085-06	18	32
3329	3.69	2026-03-07 13:31:09.06109-06	19	32
3330	3.59	2026-03-07 13:31:09.06209-06	37	32
3331	3.49	2026-03-07 13:31:09.06309-06	20	32
3332	2.29	2026-03-07 13:31:09.06409-06	21	32
3333	2.09	2026-03-07 13:31:09.065917-06	38	32
3334	1.69	2026-03-07 13:31:09.066918-06	22	32
3335	0.69	2026-03-07 13:31:09.067917-06	23	32
3336	0.89	2026-03-07 13:31:09.068917-06	24	32
3337	4.99	2026-03-07 13:31:09.070524-06	25	32
3338	5.99	2026-03-07 13:31:09.072618-06	39	32
3339	6.99	2026-03-07 13:31:09.073617-06	40	32
3340	1.39	2026-03-07 13:31:09.074646-06	26	32
3341	1.19	2026-03-07 13:31:09.075622-06	27	32
3342	1.39	2026-03-07 13:31:09.077746-06	28	32
3343	1.59	2026-03-07 13:31:09.078248-06	29	32
3344	4.59	2026-03-07 13:31:09.07937-06	30	32
3345	1.29	2026-03-07 13:31:09.080398-06	31	32
3346	4.09	2026-03-07 13:31:09.081363-06	41	32
3347	2.49	2026-03-07 13:31:09.082751-06	32	32
3348	3.59	2026-03-07 13:31:09.084307-06	33	32
3349	0.79	2026-03-07 13:31:09.085316-06	1	33
3350	2.89	2026-03-07 13:31:09.087792-06	2	33
3351	4.69	2026-03-07 13:31:09.089298-06	34	33
3352	1.79	2026-03-07 13:31:09.091244-06	3	33
3353	1.79	2026-03-07 13:31:09.092252-06	4	33
3354	1.89	2026-03-07 13:31:09.09325-06	5	33
3355	3.69	2026-03-07 13:31:09.094282-06	6	33
3356	4.09	2026-03-07 13:31:09.095273-06	7	33
3357	1.19	2026-03-07 13:31:09.096277-06	8	33
3358	2.49	2026-03-07 13:31:09.098273-06	9	33
3359	0.79	2026-03-07 13:31:09.098766-06	10	33
3360	2.69	2026-03-07 13:31:09.099832-06	11	33
3361	1.59	2026-03-07 13:31:09.100837-06	12	33
3362	0.99	2026-03-07 13:31:09.101835-06	13	33
3363	2.09	2026-03-07 13:31:09.103839-06	35	33
3364	2.19	2026-03-07 13:31:09.106385-06	36	33
3365	1.99	2026-03-07 13:31:09.107391-06	14	33
3366	1.29	2026-03-07 13:31:09.108391-06	15	33
3367	0.79	2026-03-07 13:31:09.10942-06	16	33
3368	2.39	2026-03-07 13:31:09.110392-06	17	33
3369	2.29	2026-03-07 13:31:09.111391-06	18	33
3370	3.59	2026-03-07 13:31:09.113447-06	19	33
3371	3.69	2026-03-07 13:31:09.114455-06	37	33
3372	3.69	2026-03-07 13:31:09.115453-06	20	33
3373	2.29	2026-03-07 13:31:09.116453-06	21	33
3374	1.99	2026-03-07 13:31:09.117179-06	38	33
3375	1.49	2026-03-07 13:31:09.118214-06	22	33
3376	0.79	2026-03-07 13:31:09.119214-06	23	33
3377	1.09	2026-03-07 13:31:09.121173-06	24	33
3378	4.99	2026-03-07 13:31:09.12256-06	25	33
3379	5.89	2026-03-07 13:31:09.124496-06	39	33
3380	7.19	2026-03-07 13:31:09.124496-06	40	33
3381	1.09	2026-03-07 13:31:09.124496-06	26	33
3382	1.09	2026-03-07 13:31:09.124496-06	27	33
3383	1.39	2026-03-07 13:31:09.124496-06	28	33
3384	1.49	2026-03-07 13:31:09.124496-06	29	33
3385	4.49	2026-03-07 13:31:09.13123-06	30	33
3386	1.39	2026-03-07 13:31:09.132256-06	31	33
3387	3.99	2026-03-07 13:31:09.133256-06	41	33
3388	2.49	2026-03-07 13:31:09.134236-06	32	33
3389	3.89	2026-03-07 13:31:09.135236-06	33	33
3390	0.59	2026-03-07 13:31:09.13711-06	1	34
3391	2.79	2026-03-07 13:31:09.139946-06	2	34
3392	4.79	2026-03-07 13:31:09.140383-06	34	34
3393	1.79	2026-03-07 13:31:09.141413-06	3	34
3394	1.59	2026-03-07 13:31:09.142415-06	4	34
3395	1.69	2026-03-07 13:31:09.143943-06	5	34
3396	3.29	2026-03-07 13:31:09.14517-06	6	34
3397	3.89	2026-03-07 13:31:09.146263-06	7	34
3398	1.29	2026-03-07 13:31:09.147267-06	8	34
3399	2.29	2026-03-07 13:31:09.148287-06	9	34
3400	0.89	2026-03-07 13:31:09.150258-06	10	34
3401	2.59	2026-03-07 13:31:09.151265-06	11	34
3402	1.59	2026-03-07 13:31:09.152263-06	12	34
3403	0.99	2026-03-07 13:31:09.153863-06	13	34
3404	2.09	2026-03-07 13:31:09.156858-06	35	34
3405	1.99	2026-03-07 13:31:09.157863-06	36	34
3406	2.09	2026-03-07 13:31:09.158863-06	14	34
3407	1.29	2026-03-07 13:31:09.15987-06	15	34
3408	0.59	2026-03-07 13:31:09.160881-06	16	34
3409	2.29	2026-03-07 13:31:09.162746-06	17	34
3410	2.19	2026-03-07 13:31:09.163752-06	18	34
3411	3.89	2026-03-07 13:31:09.164752-06	19	34
3412	3.49	2026-03-07 13:31:09.165754-06	37	34
3413	3.49	2026-03-07 13:31:09.166752-06	20	34
3414	2.19	2026-03-07 13:31:09.167752-06	21	34
3415	1.99	2026-03-07 13:31:09.169282-06	38	34
3416	1.59	2026-03-07 13:31:09.170769-06	22	34
3417	0.59	2026-03-07 13:31:09.173325-06	23	34
3418	0.99	2026-03-07 13:31:09.174923-06	24	34
3419	5.09	2026-03-07 13:31:09.17593-06	25	34
3420	5.89	2026-03-07 13:31:09.176929-06	39	34
3421	6.89	2026-03-07 13:31:09.177928-06	40	34
3422	1.19	2026-03-07 13:31:09.178877-06	26	34
3423	1.29	2026-03-07 13:31:09.181217-06	27	34
3424	1.29	2026-03-07 13:31:09.182228-06	28	34
3425	1.59	2026-03-07 13:31:09.183016-06	29	34
3426	4.59	2026-03-07 13:31:09.18403-06	30	34
3427	1.69	2026-03-07 13:31:09.186027-06	31	34
3428	3.99	2026-03-07 13:31:09.187359-06	41	34
3429	2.69	2026-03-07 13:31:09.189445-06	32	34
3430	3.79	2026-03-07 13:31:09.190454-06	33	34
3431	0.69	2026-03-07 13:31:09.192452-06	1	35
3432	2.89	2026-03-07 13:31:09.193451-06	2	35
3433	4.89	2026-03-07 13:31:09.194452-06	34	35
3434	1.99	2026-03-07 13:31:09.194928-06	3	35
3435	1.79	2026-03-07 13:31:09.196148-06	4	35
3436	1.69	2026-03-07 13:31:09.197148-06	5	35
3437	3.39	2026-03-07 13:31:09.198148-06	6	35
3438	3.99	2026-03-07 13:31:09.199147-06	7	35
3439	1.49	2026-03-07 13:31:09.200148-06	8	35
3440	2.59	2026-03-07 13:31:09.201289-06	9	35
3441	0.89	2026-03-07 13:31:09.202322-06	10	35
3442	2.59	2026-03-07 13:31:09.205453-06	11	35
3443	1.49	2026-03-07 13:31:09.207154-06	12	35
3444	0.89	2026-03-07 13:31:09.207746-06	13	35
3445	2.09	2026-03-07 13:31:09.208981-06	35	35
3446	1.99	2026-03-07 13:31:09.210039-06	36	35
3447	1.99	2026-03-07 13:31:09.211043-06	14	35
3448	1.19	2026-03-07 13:31:09.212043-06	15	35
3449	0.79	2026-03-07 13:31:09.213043-06	16	35
3450	2.69	2026-03-07 13:31:09.214872-06	17	35
3451	2.39	2026-03-07 13:31:09.215872-06	18	35
3452	3.79	2026-03-07 13:31:09.216871-06	19	35
3453	3.39	2026-03-07 13:31:09.21787-06	37	35
3454	3.69	2026-03-07 13:31:09.218871-06	20	35
3455	2.49	2026-03-07 13:31:09.220539-06	21	35
3456	1.89	2026-03-07 13:31:09.222191-06	38	35
3457	1.69	2026-03-07 13:31:09.2242-06	22	35
3458	0.69	2026-03-07 13:31:09.225175-06	23	35
3459	1.09	2026-03-07 13:31:09.227067-06	24	35
3460	4.89	2026-03-07 13:31:09.228066-06	25	35
3461	6.19	2026-03-07 13:31:09.229066-06	39	35
3462	6.89	2026-03-07 13:31:09.230066-06	40	35
3463	1.29	2026-03-07 13:31:09.231892-06	26	35
3464	1.29	2026-03-07 13:31:09.232449-06	27	35
3465	1.19	2026-03-07 13:31:09.233599-06	28	35
3466	1.29	2026-03-07 13:31:09.234553-06	29	35
3467	4.49	2026-03-07 13:31:09.235563-06	30	35
3468	1.49	2026-03-07 13:31:09.237566-06	31	35
3469	4.09	2026-03-07 13:31:09.23961-06	41	35
3470	2.39	2026-03-07 13:31:09.240606-06	32	35
3471	3.89	2026-03-07 13:31:09.241639-06	33	35
3472	0.59	2026-03-07 13:31:09.244818-06	1	36
3473	2.99	2026-03-07 13:31:09.246826-06	2	36
3474	5.09	2026-03-07 13:31:09.247824-06	34	36
3475	1.79	2026-03-07 13:31:09.248823-06	3	36
3476	1.99	2026-03-07 13:31:09.249822-06	4	36
3477	1.79	2026-03-07 13:31:09.251483-06	5	36
3478	3.49	2026-03-07 13:31:09.252491-06	6	36
3479	3.99	2026-03-07 13:31:09.254068-06	7	36
3480	1.09	2026-03-07 13:31:09.255488-06	8	36
3481	2.59	2026-03-07 13:31:09.25762-06	9	36
3482	0.79	2026-03-07 13:31:09.258281-06	10	36
3483	2.79	2026-03-07 13:31:09.259619-06	11	36
3484	1.59	2026-03-07 13:31:09.260624-06	12	36
3485	1.19	2026-03-07 13:31:09.261624-06	13	36
3486	2.09	2026-03-07 13:31:09.262625-06	35	36
3487	1.99	2026-03-07 13:31:09.264304-06	36	36
3488	2.09	2026-03-07 13:31:09.265312-06	14	36
3489	1.09	2026-03-07 13:31:09.26631-06	15	36
3490	0.89	2026-03-07 13:31:09.26731-06	16	36
3491	2.39	2026-03-07 13:31:09.268328-06	17	36
3492	2.09	2026-03-07 13:31:09.268328-06	18	36
3493	3.79	2026-03-07 13:31:09.270108-06	19	36
3494	3.59	2026-03-07 13:31:09.272896-06	37	36
3495	3.49	2026-03-07 13:31:09.273893-06	20	36
3496	2.19	2026-03-07 13:31:09.27492-06	21	36
3497	2.29	2026-03-07 13:31:09.27592-06	38	36
3498	1.59	2026-03-07 13:31:09.277887-06	22	36
3499	0.59	2026-03-07 13:31:09.278461-06	23	36
3500	1.19	2026-03-07 13:31:09.279684-06	24	36
3501	5.09	2026-03-07 13:31:09.280519-06	25	36
3502	6.09	2026-03-07 13:31:09.281523-06	39	36
3503	6.99	2026-03-07 13:31:09.282523-06	40	36
3504	1.29	2026-03-07 13:31:09.283523-06	26	36
3505	1.29	2026-03-07 13:31:09.284245-06	27	36
3506	1.29	2026-03-07 13:31:09.28549-06	28	36
3507	1.59	2026-03-07 13:31:09.287815-06	29	36
3508	4.69	2026-03-07 13:31:09.290052-06	30	36
3509	1.39	2026-03-07 13:31:09.291254-06	31	36
3510	4.09	2026-03-07 13:31:09.292252-06	41	36
3511	2.49	2026-03-07 13:31:09.293252-06	32	36
3512	3.69	2026-03-07 13:31:09.294251-06	33	36
3513	0.79	2026-03-07 13:31:09.295797-06	1	37
3514	2.79	2026-03-07 13:31:09.296822-06	2	37
3515	4.89	2026-03-07 13:31:09.297838-06	34	37
3516	1.69	2026-03-07 13:31:09.298807-06	3	37
3517	1.79	2026-03-07 13:31:09.299685-06	4	37
3518	1.99	2026-03-07 13:31:09.300696-06	5	37
3519	3.49	2026-03-07 13:31:09.301694-06	6	37
3520	3.99	2026-03-07 13:31:09.303341-06	7	37
3521	1.39	2026-03-07 13:31:09.305625-06	8	37
3522	2.49	2026-03-07 13:31:09.306609-06	9	37
3523	0.79	2026-03-07 13:31:09.307631-06	10	37
3524	2.69	2026-03-07 13:31:09.309508-06	11	37
3525	1.69	2026-03-07 13:31:09.310516-06	12	37
3526	0.99	2026-03-07 13:31:09.311514-06	13	37
3527	2.09	2026-03-07 13:31:09.312514-06	35	37
3528	2.09	2026-03-07 13:31:09.313514-06	36	37
3529	1.99	2026-03-07 13:31:09.314533-06	14	37
3530	1.19	2026-03-07 13:31:09.315499-06	15	37
3531	0.89	2026-03-07 13:31:09.316157-06	16	37
3532	2.49	2026-03-07 13:31:09.317198-06	17	37
3533	2.19	2026-03-07 13:31:09.318203-06	18	37
3534	3.89	2026-03-07 13:31:09.319203-06	19	37
3535	3.49	2026-03-07 13:31:09.321068-06	37	37
3536	3.49	2026-03-07 13:31:09.332337-06	20	37
3537	2.29	2026-03-07 13:31:09.336807-06	21	37
3538	2.09	2026-03-07 13:31:09.339905-06	38	37
3539	1.59	2026-03-07 13:31:09.34393-06	22	37
3540	0.59	2026-03-07 13:31:09.345944-06	23	37
3541	0.89	2026-03-07 13:31:09.347957-06	24	37
3542	5.09	2026-03-07 13:31:09.349969-06	25	37
3543	5.99	2026-03-07 13:31:09.351981-06	39	37
3544	7.09	2026-03-07 13:31:09.355128-06	40	37
3545	1.39	2026-03-07 13:31:09.359144-06	26	37
3546	1.29	2026-03-07 13:31:09.361152-06	27	37
3547	1.39	2026-03-07 13:31:09.36316-06	28	37
3548	1.49	2026-03-07 13:31:09.365169-06	29	37
3549	4.59	2026-03-07 13:31:09.365169-06	30	37
3550	1.39	2026-03-07 13:31:09.37102-06	31	37
3551	3.89	2026-03-07 13:31:09.37102-06	41	37
3552	2.59	2026-03-07 13:31:09.37102-06	32	37
3553	3.59	2026-03-07 13:31:09.379325-06	33	37
3554	0.79	2026-03-07 13:31:09.38323-06	1	38
3555	2.89	2026-03-07 13:31:09.38323-06	2	38
3556	4.99	2026-03-07 13:31:09.386872-06	34	38
3557	1.89	2026-03-07 13:31:09.389433-06	3	38
3558	1.79	2026-03-07 13:31:09.391787-06	4	38
3559	1.69	2026-03-07 13:31:09.393246-06	5	38
3560	3.79	2026-03-07 13:31:09.395171-06	6	38
3561	4.09	2026-03-07 13:31:09.396172-06	7	38
3562	1.29	2026-03-07 13:31:09.398169-06	8	38
3563	2.59	2026-03-07 13:31:09.399169-06	9	38
3564	0.59	2026-03-07 13:31:09.401145-06	10	38
3565	2.49	2026-03-07 13:31:09.403135-06	11	38
3566	1.49	2026-03-07 13:31:09.405516-06	12	38
3567	1.09	2026-03-07 13:31:09.408391-06	13	38
3568	1.99	2026-03-07 13:31:09.408943-06	35	38
3569	1.89	2026-03-07 13:31:09.410422-06	36	38
3570	2.09	2026-03-07 13:31:09.411432-06	14	38
3571	1.29	2026-03-07 13:31:09.41343-06	15	38
3572	0.49	2026-03-07 13:31:09.414705-06	16	38
3573	2.09	2026-03-07 13:31:09.415712-06	17	38
3574	2.19	2026-03-07 13:31:09.416711-06	18	38
3575	3.89	2026-03-07 13:31:09.417711-06	19	38
3576	3.49	2026-03-07 13:31:09.418711-06	37	38
3577	3.39	2026-03-07 13:31:09.420485-06	20	38
3578	2.09	2026-03-07 13:31:09.422821-06	21	38
3579	1.89	2026-03-07 13:31:09.423822-06	38	38
3580	1.69	2026-03-07 13:31:09.424823-06	22	38
3581	0.79	2026-03-07 13:31:09.426821-06	23	38
3582	0.79	2026-03-07 13:31:09.428142-06	24	38
3583	4.99	2026-03-07 13:31:09.428677-06	25	38
3584	6.09	2026-03-07 13:31:09.429803-06	39	38
3585	6.79	2026-03-07 13:31:09.430809-06	40	38
3586	1.39	2026-03-07 13:31:09.431809-06	26	38
3587	1.19	2026-03-07 13:31:09.432809-06	27	38
3588	1.29	2026-03-07 13:31:09.434527-06	28	38
3589	1.59	2026-03-07 13:31:09.435534-06	29	38
3590	4.49	2026-03-07 13:31:09.436534-06	30	38
3591	1.49	2026-03-07 13:31:09.438789-06	31	38
3592	3.89	2026-03-07 13:31:09.44092-06	41	38
3593	2.59	2026-03-07 13:31:09.441926-06	32	38
3594	3.89	2026-03-07 13:31:09.442927-06	33	38
3595	0.59	2026-03-07 13:31:09.444926-06	1	39
3596	2.19	2026-03-07 13:31:09.445925-06	2	39
3597	3.89	2026-03-07 13:31:09.44725-06	34	39
3598	1.59	2026-03-07 13:31:09.447806-06	3	39
3599	1.49	2026-03-07 13:31:09.449132-06	4	39
3600	1.39	2026-03-07 13:31:09.450141-06	5	39
3601	2.89	2026-03-07 13:31:09.45114-06	6	39
3602	3.29	2026-03-07 13:31:09.452139-06	7	39
3603	0.99	2026-03-07 13:31:09.454372-06	8	39
3604	2.09	2026-03-07 13:31:09.456064-06	9	39
3605	0.59	2026-03-07 13:31:09.458063-06	10	39
3606	2.19	2026-03-07 13:31:09.459064-06	11	39
3607	1.39	2026-03-07 13:31:09.460064-06	12	39
3608	0.79	2026-03-07 13:31:09.460064-06	13	39
3609	1.69	2026-03-07 13:31:09.462635-06	35	39
3610	1.79	2026-03-07 13:31:09.463635-06	36	39
3611	1.69	2026-03-07 13:31:09.464635-06	14	39
3612	0.99	2026-03-07 13:31:09.465636-06	15	39
3613	0.49	2026-03-07 13:31:09.466634-06	16	39
3614	1.79	2026-03-07 13:31:09.466634-06	17	39
3615	1.89	2026-03-07 13:31:09.468543-06	18	39
3616	3.09	2026-03-07 13:31:09.470749-06	19	39
3617	2.89	2026-03-07 13:31:09.47222-06	37	39
3618	2.89	2026-03-07 13:31:09.474514-06	20	39
3619	1.79	2026-03-07 13:31:09.475249-06	21	39
3620	1.49	2026-03-07 13:31:09.476261-06	38	39
3621	1.29	2026-03-07 13:31:09.478274-06	22	39
3622	0.49	2026-03-07 13:31:09.479274-06	23	39
3623	0.69	2026-03-07 13:31:09.479274-06	24	39
3624	3.99	2026-03-07 13:31:09.481261-06	25	39
3625	4.79	2026-03-07 13:31:09.482268-06	39	39
3626	5.69	2026-03-07 13:31:09.483267-06	40	39
3627	0.99	2026-03-07 13:31:09.484267-06	26	39
3628	0.99	2026-03-07 13:31:09.485267-06	27	39
3629	0.99	2026-03-07 13:31:09.487619-06	28	39
3630	1.19	2026-03-07 13:31:09.489633-06	29	39
3631	3.59	2026-03-07 13:31:09.4914-06	30	39
3632	1.09	2026-03-07 13:31:09.492141-06	31	39
3633	3.29	2026-03-07 13:31:09.493214-06	41	39
3634	1.99	2026-03-07 13:31:09.494222-06	32	39
3635	2.99	2026-03-07 13:31:09.495218-06	33	39
3636	0.59	2026-03-07 13:31:09.496983-06	1	40
3637	2.29	2026-03-07 13:31:09.498012-06	2	40
3638	3.99	2026-03-07 13:31:09.498992-06	34	40
3639	1.39	2026-03-07 13:31:09.50001-06	3	40
3640	1.49	2026-03-07 13:31:09.501009-06	4	40
3641	1.49	2026-03-07 13:31:09.501989-06	5	40
3642	2.79	2026-03-07 13:31:09.504237-06	6	40
3643	3.19	2026-03-07 13:31:09.50599-06	7	40
3644	1.09	2026-03-07 13:31:09.508011-06	8	40
3645	1.79	2026-03-07 13:31:09.509316-06	9	40
3646	0.59	2026-03-07 13:31:09.510314-06	10	40
3647	2.19	2026-03-07 13:31:09.511314-06	11	40
3648	1.39	2026-03-07 13:31:09.511314-06	12	40
3649	0.89	2026-03-07 13:31:09.511314-06	13	40
3650	1.59	2026-03-07 13:31:09.511314-06	35	40
3651	1.79	2026-03-07 13:31:09.518269-06	36	40
3652	1.59	2026-03-07 13:31:09.519389-06	14	40
3653	0.99	2026-03-07 13:31:09.522201-06	15	40
3654	0.59	2026-03-07 13:31:09.524429-06	16	40
3655	1.99	2026-03-07 13:31:09.525437-06	17	40
3656	1.89	2026-03-07 13:31:09.526436-06	18	40
3657	2.99	2026-03-07 13:31:09.527436-06	19	40
3658	2.89	2026-03-07 13:31:09.528434-06	37	40
3659	2.89	2026-03-07 13:31:09.530685-06	20	40
3660	1.79	2026-03-07 13:31:09.531692-06	21	40
3661	1.49	2026-03-07 13:31:09.53269-06	38	40
3662	1.29	2026-03-07 13:31:09.533689-06	22	40
3663	0.49	2026-03-07 13:31:09.534691-06	23	40
3664	0.79	2026-03-07 13:31:09.53569-06	24	40
3665	4.09	2026-03-07 13:31:09.536792-06	25	40
3666	4.79	2026-03-07 13:31:09.539196-06	39	40
3667	5.69	2026-03-07 13:31:09.540695-06	40	40
3668	0.99	2026-03-07 13:31:09.542539-06	26	40
3669	0.89	2026-03-07 13:31:09.543546-06	27	40
3670	0.99	2026-03-07 13:31:09.543546-06	28	40
3671	1.39	2026-03-07 13:31:09.543546-06	29	40
3672	3.59	2026-03-07 13:31:09.543546-06	30	40
3673	1.09	2026-03-07 13:31:09.543546-06	31	40
3674	3.29	2026-03-07 13:31:09.548941-06	41	40
3675	1.89	2026-03-07 13:31:09.549949-06	32	40
3676	2.99	2026-03-07 13:31:09.550952-06	33	40
3677	0.49	2026-03-07 13:31:09.552946-06	1	41
3678	2.29	2026-03-07 13:31:09.554261-06	2	41
3679	3.99	2026-03-07 13:31:09.556473-06	34	41
3680	1.29	2026-03-07 13:31:09.557811-06	3	41
3681	1.29	2026-03-07 13:31:09.559771-06	4	41
3682	1.39	2026-03-07 13:31:09.56078-06	5	41
3683	2.79	2026-03-07 13:31:09.56078-06	6	41
3684	3.29	2026-03-07 13:31:09.56078-06	7	41
3685	0.89	2026-03-07 13:31:09.56078-06	8	41
3686	2.19	2026-03-07 13:31:09.565491-06	9	41
3687	0.59	2026-03-07 13:31:09.566498-06	10	41
3688	2.09	2026-03-07 13:31:09.567517-06	11	41
3689	1.39	2026-03-07 13:31:09.567517-06	12	41
3690	0.69	2026-03-07 13:31:09.568517-06	13	41
3691	1.59	2026-03-07 13:31:09.569517-06	35	41
3692	1.59	2026-03-07 13:31:09.572686-06	36	41
3693	1.69	2026-03-07 13:31:09.573693-06	14	41
3694	0.89	2026-03-07 13:31:09.575013-06	15	41
3695	0.59	2026-03-07 13:31:09.576548-06	16	41
3696	1.99	2026-03-07 13:31:09.577891-06	17	41
3697	1.79	2026-03-07 13:31:09.577891-06	18	41
3698	3.09	2026-03-07 13:31:09.577891-06	19	41
3699	2.89	2026-03-07 13:31:09.577891-06	37	41
3700	2.69	2026-03-07 13:31:09.582556-06	20	41
3701	1.89	2026-03-07 13:31:09.58298-06	21	41
3702	1.79	2026-03-07 13:31:09.583992-06	38	41
3703	1.39	2026-03-07 13:31:09.584988-06	22	41
3704	0.49	2026-03-07 13:31:09.585988-06	23	41
3705	0.89	2026-03-07 13:31:09.588452-06	24	41
3706	3.99	2026-03-07 13:31:09.59097-06	25	41
3707	4.79	2026-03-07 13:31:09.591978-06	39	41
3708	5.39	2026-03-07 13:31:09.592976-06	40	41
3709	1.09	2026-03-07 13:31:09.593977-06	26	41
3710	0.99	2026-03-07 13:31:09.594977-06	27	41
3711	1.19	2026-03-07 13:31:09.596596-06	28	41
3712	1.29	2026-03-07 13:31:09.597602-06	29	41
3713	3.69	2026-03-07 13:31:09.598602-06	30	41
3714	1.09	2026-03-07 13:31:09.599781-06	31	41
3715	3.19	2026-03-07 13:31:09.600795-06	41	41
3716	1.99	2026-03-07 13:31:09.601794-06	32	41
3717	2.89	2026-03-07 13:31:09.603963-06	33	41
3718	0.69	2026-03-07 13:31:09.606474-06	1	42
3719	2.89	2026-03-07 13:31:09.607846-06	2	42
3720	4.79	2026-03-07 13:31:09.609494-06	34	42
3721	1.89	2026-03-07 13:31:09.610493-06	3	42
3722	1.69	2026-03-07 13:31:09.61147-06	4	42
3723	1.99	2026-03-07 13:31:09.612489-06	5	42
3724	3.79	2026-03-07 13:31:09.613237-06	6	42
3725	3.99	2026-03-07 13:31:09.613686-06	7	42
3726	1.39	2026-03-07 13:31:09.614937-06	8	42
3727	2.49	2026-03-07 13:31:09.615937-06	9	42
3728	0.79	2026-03-07 13:31:09.617916-06	10	42
3729	2.49	2026-03-07 13:31:09.618915-06	11	42
3730	1.59	2026-03-07 13:31:09.620544-06	12	42
3731	1.19	2026-03-07 13:31:09.62228-06	13	42
3732	2.09	2026-03-07 13:31:09.623385-06	35	42
3733	1.89	2026-03-07 13:31:09.625005-06	36	42
3734	1.99	2026-03-07 13:31:09.626749-06	14	42
3735	1.09	2026-03-07 13:31:09.627747-06	15	42
3736	0.69	2026-03-07 13:31:09.629748-06	16	42
3737	2.19	2026-03-07 13:31:09.631924-06	17	42
3738	2.39	2026-03-07 13:31:09.632856-06	18	42
3739	3.59	2026-03-07 13:31:09.633866-06	19	42
3740	3.29	2026-03-07 13:31:09.634864-06	37	42
3741	3.39	2026-03-07 13:31:09.636864-06	20	42
3742	2.39	2026-03-07 13:31:09.639177-06	21	42
3743	2.09	2026-03-07 13:31:09.641184-06	38	42
3744	1.69	2026-03-07 13:31:09.642185-06	22	42
3745	0.59	2026-03-07 13:31:09.643184-06	23	42
3746	1.09	2026-03-07 13:31:09.644184-06	24	42
3747	4.99	2026-03-07 13:31:09.645615-06	25	42
3748	6.19	2026-03-07 13:31:09.646621-06	39	42
3749	7.09	2026-03-07 13:31:09.647621-06	40	42
3750	1.29	2026-03-07 13:31:09.648621-06	26	42
3751	1.39	2026-03-07 13:31:09.649295-06	27	42
3752	1.29	2026-03-07 13:31:09.650313-06	28	42
3753	1.49	2026-03-07 13:31:09.651979-06	29	42
3754	4.59	2026-03-07 13:31:09.652987-06	30	42
3755	1.49	2026-03-07 13:31:09.655514-06	31	42
3756	4.09	2026-03-07 13:31:09.656253-06	41	42
3757	2.49	2026-03-07 13:31:09.65803-06	32	42
3758	3.89	2026-03-07 13:31:09.659692-06	33	42
3759	0.79	2026-03-07 13:31:09.66069-06	1	43
3760	2.69	2026-03-07 13:31:09.661707-06	2	43
3761	4.89	2026-03-07 13:31:09.662717-06	34	43
3762	1.89	2026-03-07 13:31:09.664514-06	3	43
3763	1.89	2026-03-07 13:31:09.665522-06	4	43
3764	1.89	2026-03-07 13:31:09.666519-06	5	43
3765	3.69	2026-03-07 13:31:09.667519-06	6	43
3766	4.19	2026-03-07 13:31:09.668521-06	7	43
3767	1.39	2026-03-07 13:31:09.66952-06	8	43
3768	2.59	2026-03-07 13:31:09.671581-06	9	43
3769	0.79	2026-03-07 13:31:09.67315-06	10	43
3770	2.49	2026-03-07 13:31:09.674274-06	11	43
3771	1.59	2026-03-07 13:31:09.675281-06	12	43
3772	1.09	2026-03-07 13:31:09.676744-06	13	43
3773	2.09	2026-03-07 13:31:09.677191-06	35	43
3774	1.99	2026-03-07 13:31:09.678388-06	36	43
3775	2.19	2026-03-07 13:31:09.679388-06	14	43
3776	1.29	2026-03-07 13:31:09.680388-06	15	43
3777	0.79	2026-03-07 13:31:09.681389-06	16	43
3778	2.39	2026-03-07 13:31:09.683147-06	17	43
3779	2.29	2026-03-07 13:31:09.684153-06	18	43
3780	3.79	2026-03-07 13:31:09.685153-06	19	43
3781	3.59	2026-03-07 13:31:09.686154-06	37	43
3782	3.49	2026-03-07 13:31:09.687922-06	20	43
3783	2.39	2026-03-07 13:31:09.690656-06	21	43
3784	2.19	2026-03-07 13:31:09.691525-06	38	43
3785	1.49	2026-03-07 13:31:09.692576-06	22	43
3786	0.69	2026-03-07 13:31:09.69361-06	23	43
3787	0.89	2026-03-07 13:31:09.694608-06	24	43
3788	4.99	2026-03-07 13:31:09.696742-06	25	43
3789	6.19	2026-03-07 13:31:09.697932-06	39	43
3790	6.99	2026-03-07 13:31:09.698931-06	40	43
3791	1.29	2026-03-07 13:31:09.699931-06	26	43
3792	1.39	2026-03-07 13:31:09.701314-06	27	43
3793	1.19	2026-03-07 13:31:09.702601-06	28	43
3794	1.59	2026-03-07 13:31:09.704194-06	29	43
3795	4.39	2026-03-07 13:31:09.704194-06	30	43
3796	1.49	2026-03-07 13:31:09.708151-06	31	43
3797	3.99	2026-03-07 13:31:09.709158-06	41	43
3798	2.49	2026-03-07 13:31:09.710159-06	32	43
3799	3.59	2026-03-07 13:31:09.711243-06	33	43
3800	0.89	2026-03-07 13:31:09.712215-06	1	44
3801	2.89	2026-03-07 13:31:09.714482-06	2	44
3802	4.89	2026-03-07 13:31:09.715051-06	34	44
3803	1.99	2026-03-07 13:31:09.716077-06	3	44
3804	1.79	2026-03-07 13:31:09.717083-06	4	44
3805	1.89	2026-03-07 13:31:09.718079-06	5	44
3806	3.59	2026-03-07 13:31:09.719056-06	6	44
3807	3.99	2026-03-07 13:31:09.722717-06	7	44
3808	1.19	2026-03-07 13:31:09.723722-06	8	44
3809	2.59	2026-03-07 13:31:09.725723-06	9	44
3810	0.79	2026-03-07 13:31:09.726722-06	10	44
3811	2.49	2026-03-07 13:31:09.727721-06	11	44
3812	1.59	2026-03-07 13:31:09.729619-06	12	44
3813	1.09	2026-03-07 13:31:09.730624-06	13	44
3814	2.19	2026-03-07 13:31:09.731627-06	35	44
3815	1.99	2026-03-07 13:31:09.732319-06	36	44
3816	2.09	2026-03-07 13:31:09.733325-06	14	44
3817	1.29	2026-03-07 13:31:09.734323-06	15	44
3818	0.69	2026-03-07 13:31:09.736288-06	16	44
3819	2.49	2026-03-07 13:31:09.738979-06	17	44
3820	2.29	2026-03-07 13:31:09.739934-06	18	44
3821	3.89	2026-03-07 13:31:09.740954-06	19	44
3822	3.59	2026-03-07 13:31:09.74314-06	37	44
3823	3.69	2026-03-07 13:31:09.743647-06	20	44
3824	1.99	2026-03-07 13:31:09.744734-06	21	44
3825	2.09	2026-03-07 13:31:09.745732-06	38	44
3826	1.59	2026-03-07 13:31:09.746736-06	22	44
3827	0.59	2026-03-07 13:31:09.747736-06	23	44
3828	0.99	2026-03-07 13:31:09.749285-06	24	44
3829	4.89	2026-03-07 13:31:09.750309-06	25	44
3830	5.99	2026-03-07 13:31:09.751291-06	39	44
3831	7.09	2026-03-07 13:31:09.752291-06	40	44
3832	1.29	2026-03-07 13:31:09.754296-06	26	44
3833	1.29	2026-03-07 13:31:09.754296-06	27	44
3834	1.29	2026-03-07 13:31:09.757545-06	28	44
3835	1.49	2026-03-07 13:31:09.759547-06	29	44
3836	4.49	2026-03-07 13:31:09.760546-06	30	44
3837	1.39	2026-03-07 13:31:09.761549-06	31	44
3838	4.09	2026-03-07 13:31:09.762546-06	41	44
3839	2.39	2026-03-07 13:31:09.763956-06	32	44
3840	3.69	2026-03-07 13:31:09.764365-06	33	44
3841	0.69	2026-03-07 13:31:09.766479-06	1	45
3842	2.69	2026-03-07 13:31:09.767486-06	2	45
3843	4.89	2026-03-07 13:31:09.768485-06	34	45
3844	1.89	2026-03-07 13:31:09.769484-06	3	45
3845	1.79	2026-03-07 13:31:09.772262-06	4	45
3846	1.69	2026-03-07 13:31:09.773257-06	5	45
3847	3.49	2026-03-07 13:31:09.774257-06	6	45
3848	3.89	2026-03-07 13:31:09.775262-06	7	45
3849	1.39	2026-03-07 13:31:09.775262-06	8	45
3850	2.49	2026-03-07 13:31:09.778582-06	9	45
3851	0.69	2026-03-07 13:31:09.779581-06	10	45
3852	2.49	2026-03-07 13:31:09.780581-06	11	45
3853	1.69	2026-03-07 13:31:09.78158-06	12	45
3854	0.99	2026-03-07 13:31:09.78258-06	13	45
3855	2.09	2026-03-07 13:31:09.78392-06	35	45
3856	1.99	2026-03-07 13:31:09.784363-06	36	45
3857	1.99	2026-03-07 13:31:09.785382-06	14	45
3858	1.29	2026-03-07 13:31:09.787805-06	15	45
3859	0.69	2026-03-07 13:31:09.790429-06	16	45
3860	2.39	2026-03-07 13:31:09.791006-06	17	45
3861	2.09	2026-03-07 13:31:09.793014-06	18	45
3862	3.79	2026-03-07 13:31:09.794013-06	19	45
3863	3.49	2026-03-07 13:31:09.795013-06	37	45
3864	3.49	2026-03-07 13:31:09.796013-06	20	45
3865	2.29	2026-03-07 13:31:09.797656-06	21	45
3866	1.99	2026-03-07 13:31:09.798655-06	38	45
3867	1.69	2026-03-07 13:31:09.799654-06	22	45
3868	0.69	2026-03-07 13:31:09.800655-06	23	45
3869	0.89	2026-03-07 13:31:09.801654-06	24	45
3870	4.89	2026-03-07 13:31:09.802886-06	25	45
3871	6.09	2026-03-07 13:31:09.804197-06	39	45
3872	7.09	2026-03-07 13:31:09.807056-06	40	45
3873	1.39	2026-03-07 13:31:09.808053-06	26	45
3874	1.39	2026-03-07 13:31:09.808053-06	27	45
3875	1.39	2026-03-07 13:31:09.810648-06	28	45
3876	1.69	2026-03-07 13:31:09.811865-06	29	45
3877	4.49	2026-03-07 13:31:09.812916-06	30	45
3878	1.29	2026-03-07 13:31:09.813905-06	31	45
3879	4.19	2026-03-07 13:31:09.816487-06	41	45
3880	2.69	2026-03-07 13:31:09.817496-06	32	45
3881	3.69	2026-03-07 13:31:09.818494-06	33	45
3882	0.79	2026-03-07 13:31:09.821204-06	1	46
3883	2.69	2026-03-07 13:31:09.82365-06	2	46
3884	4.79	2026-03-07 13:31:09.824657-06	34	46
3885	1.79	2026-03-07 13:31:09.825656-06	3	46
3886	1.99	2026-03-07 13:31:09.826655-06	4	46
3887	1.79	2026-03-07 13:31:09.827655-06	5	46
3888	3.49	2026-03-07 13:31:09.828655-06	6	46
3889	4.09	2026-03-07 13:31:09.830085-06	7	46
3890	1.39	2026-03-07 13:31:09.830663-06	8	46
3891	2.39	2026-03-07 13:31:09.831673-06	9	46
3892	0.59	2026-03-07 13:31:09.832672-06	10	46
3893	2.59	2026-03-07 13:31:09.833672-06	11	46
3894	1.79	2026-03-07 13:31:09.834672-06	12	46
3895	0.99	2026-03-07 13:31:09.83564-06	13	46
3896	2.09	2026-03-07 13:31:09.837922-06	35	46
3897	1.89	2026-03-07 13:31:09.839929-06	36	46
3898	1.79	2026-03-07 13:31:09.840929-06	14	46
3899	1.19	2026-03-07 13:31:09.84277-06	15	46
3900	0.59	2026-03-07 13:31:09.84375-06	16	46
3901	2.39	2026-03-07 13:31:09.84475-06	17	46
3902	2.29	2026-03-07 13:31:09.84575-06	18	46
3903	3.89	2026-03-07 13:31:09.846776-06	19	46
3904	3.49	2026-03-07 13:31:09.847799-06	37	46
3905	3.49	2026-03-07 13:31:09.848339-06	20	46
3906	2.29	2026-03-07 13:31:09.849411-06	21	46
3907	2.09	2026-03-07 13:31:09.850416-06	38	46
3908	1.49	2026-03-07 13:31:09.851416-06	22	46
3909	0.69	2026-03-07 13:31:09.852416-06	23	46
3910	1.09	2026-03-07 13:31:09.853417-06	24	46
3911	4.99	2026-03-07 13:31:09.856099-06	25	46
3912	5.99	2026-03-07 13:31:09.857095-06	39	46
3913	7.19	2026-03-07 13:31:09.858121-06	40	46
3914	1.39	2026-03-07 13:31:09.859119-06	26	46
3915	1.29	2026-03-07 13:31:09.860897-06	27	46
3916	1.39	2026-03-07 13:31:09.861903-06	28	46
3917	1.49	2026-03-07 13:31:09.862903-06	29	46
3918	4.49	2026-03-07 13:31:09.863902-06	30	46
3919	1.39	2026-03-07 13:31:09.864902-06	31	46
3920	4.19	2026-03-07 13:31:09.865902-06	41	46
3921	2.49	2026-03-07 13:31:09.867157-06	32	46
3922	3.69	2026-03-07 13:31:09.867662-06	33	46
3923	0.69	2026-03-07 13:31:09.869835-06	1	47
3924	2.69	2026-03-07 13:31:09.872212-06	2	47
3925	4.89	2026-03-07 13:31:09.874483-06	34	47
3926	1.89	2026-03-07 13:31:09.875494-06	3	47
3927	1.69	2026-03-07 13:31:09.877493-06	4	47
3928	1.89	2026-03-07 13:31:09.879493-06	5	47
3929	3.49	2026-03-07 13:31:09.882075-06	6	47
3930	3.89	2026-03-07 13:31:09.883081-06	7	47
3931	1.29	2026-03-07 13:31:09.885084-06	8	47
3932	2.49	2026-03-07 13:31:09.88608-06	9	47
3933	0.49	2026-03-07 13:31:09.889235-06	10	47
3934	2.59	2026-03-07 13:31:09.89033-06	11	47
3935	1.79	2026-03-07 13:31:09.892339-06	12	47
3936	1.09	2026-03-07 13:31:09.893337-06	13	47
3937	2.09	2026-03-07 13:31:09.894338-06	35	47
3938	1.89	2026-03-07 13:31:09.894338-06	36	47
3939	1.89	2026-03-07 13:31:09.897068-06	14	47
3940	1.39	2026-03-07 13:31:09.899068-06	15	47
3941	0.69	2026-03-07 13:31:09.900068-06	16	47
3942	2.29	2026-03-07 13:31:09.901067-06	17	47
3943	2.29	2026-03-07 13:31:09.902067-06	18	47
3944	3.99	2026-03-07 13:31:09.903013-06	19	47
3945	3.59	2026-03-07 13:31:09.905635-06	37	47
3946	3.49	2026-03-07 13:31:09.906632-06	20	47
3947	2.29	2026-03-07 13:31:09.907632-06	21	47
3948	1.99	2026-03-07 13:31:09.909939-06	38	47
3949	1.59	2026-03-07 13:31:09.910512-06	22	47
3950	0.79	2026-03-07 13:31:09.9118-06	23	47
3951	1.09	2026-03-07 13:31:09.912811-06	24	47
3952	5.09	2026-03-07 13:31:09.913812-06	25	47
3953	6.19	2026-03-07 13:31:09.915367-06	39	47
3954	6.99	2026-03-07 13:31:09.917036-06	40	47
3955	1.09	2026-03-07 13:31:09.918039-06	26	47
3956	1.09	2026-03-07 13:31:09.919036-06	27	47
3957	1.39	2026-03-07 13:31:09.920036-06	28	47
3958	1.59	2026-03-07 13:31:09.923684-06	29	47
3959	4.59	2026-03-07 13:31:09.925686-06	30	47
3960	1.49	2026-03-07 13:31:09.926686-06	31	47
3961	3.99	2026-03-07 13:31:09.926686-06	41	47
3962	2.49	2026-03-07 13:31:09.926686-06	32	47
3963	3.59	2026-03-07 13:31:09.929688-06	33	47
3964	0.69	2026-03-07 13:31:09.931932-06	1	48
3965	3.49	2026-03-07 13:31:09.932921-06	2	48
3966	5.79	2026-03-07 13:31:09.933921-06	34	48
3967	2.19	2026-03-07 13:31:09.934921-06	3	48
3968	2.09	2026-03-07 13:31:09.936168-06	4	48
3969	2.39	2026-03-07 13:31:09.938709-06	5	48
3970	4.29	2026-03-07 13:31:09.939682-06	6	48
3971	4.89	2026-03-07 13:31:09.941224-06	7	48
3972	1.39	2026-03-07 13:31:09.941672-06	8	48
3973	3.09	2026-03-07 13:31:09.943911-06	9	48
3974	0.79	2026-03-07 13:31:09.944908-06	10	48
3975	2.89	2026-03-07 13:31:09.945908-06	11	48
3976	1.79	2026-03-07 13:31:09.94691-06	12	48
3977	1.09	2026-03-07 13:31:09.948503-06	13	48
3978	2.49	2026-03-07 13:31:09.948939-06	35	48
3979	2.49	2026-03-07 13:31:09.95009-06	36	48
3980	2.39	2026-03-07 13:31:09.951141-06	14	48
3981	1.69	2026-03-07 13:31:09.952119-06	15	48
3982	0.99	2026-03-07 13:31:09.953508-06	16	48
3983	2.99	2026-03-07 13:31:09.956072-06	17	48
3984	2.89	2026-03-07 13:31:09.957078-06	18	48
3985	4.59	2026-03-07 13:31:09.959079-06	19	48
3986	4.19	2026-03-07 13:31:09.960078-06	37	48
3987	4.19	2026-03-07 13:31:09.961078-06	20	48
3988	2.79	2026-03-07 13:31:09.962605-06	21	48
3989	2.49	2026-03-07 13:31:09.963613-06	38	48
3990	1.89	2026-03-07 13:31:09.96461-06	22	48
3991	0.59	2026-03-07 13:31:09.96561-06	23	48
3992	1.29	2026-03-07 13:31:09.96661-06	24	48
3993	6.19	2026-03-07 13:31:09.967611-06	25	48
3994	7.29	2026-03-07 13:31:09.967611-06	39	48
3995	8.39	2026-03-07 13:31:09.970454-06	40	48
3996	1.59	2026-03-07 13:31:09.972144-06	26	48
3997	1.49	2026-03-07 13:31:09.973543-06	27	48
3998	1.59	2026-03-07 13:31:09.975326-06	28	48
3999	1.89	2026-03-07 13:31:09.97612-06	29	48
4000	5.49	2026-03-07 13:31:09.977295-06	30	48
4001	1.49	2026-03-07 13:31:09.978299-06	31	48
4002	4.69	2026-03-07 13:31:09.979299-06	41	48
4003	3.09	2026-03-07 13:31:09.9803-06	32	48
4004	4.59	2026-03-07 13:31:09.98206-06	33	48
4005	0.79	2026-03-07 13:31:09.983066-06	1	49
4006	3.49	2026-03-07 13:31:09.984084-06	2	49
4007	5.59	2026-03-07 13:31:09.985086-06	34	49
4008	1.99	2026-03-07 13:31:09.987068-06	3	49
4009	2.29	2026-03-07 13:31:09.98973-06	4	49
4010	2.29	2026-03-07 13:31:09.991737-06	5	49
4011	4.09	2026-03-07 13:31:09.99274-06	6	49
4012	4.79	2026-03-07 13:31:09.994756-06	7	49
4013	1.49	2026-03-07 13:31:09.994756-06	8	49
4014	3.19	2026-03-07 13:31:09.99806-06	9	49
4015	0.69	2026-03-07 13:31:09.999066-06	10	49
4016	2.99	2026-03-07 13:31:10.001067-06	11	49
4017	2.09	2026-03-07 13:31:10.002068-06	12	49
4018	1.29	2026-03-07 13:31:10.004173-06	13	49
4019	2.39	2026-03-07 13:31:10.007371-06	35	49
4020	2.49	2026-03-07 13:31:10.009271-06	36	49
4021	2.49	2026-03-07 13:31:10.011271-06	14	49
4022	1.39	2026-03-07 13:31:10.01303-06	15	49
4023	0.79	2026-03-07 13:31:10.014746-06	16	49
4024	2.79	2026-03-07 13:31:10.015744-06	17	49
4025	2.69	2026-03-07 13:31:10.017764-06	18	49
4026	4.79	2026-03-07 13:31:10.018744-06	19	49
4027	3.99	2026-03-07 13:31:10.020801-06	37	49
4028	4.09	2026-03-07 13:31:10.022654-06	20	49
4029	2.89	2026-03-07 13:31:10.024661-06	21	49
4030	2.29	2026-03-07 13:31:10.026126-06	38	49
4031	1.99	2026-03-07 13:31:10.027457-06	22	49
4032	0.69	2026-03-07 13:31:10.028431-06	23	49
4033	0.99	2026-03-07 13:31:10.028431-06	24	49
4034	6.09	2026-03-07 13:31:10.028431-06	25	49
4035	7.09	2026-03-07 13:31:10.028431-06	39	49
4036	8.49	2026-03-07 13:31:10.033099-06	40	49
4037	1.59	2026-03-07 13:31:10.033728-06	26	49
4038	1.59	2026-03-07 13:31:10.034745-06	27	49
4039	1.59	2026-03-07 13:31:10.035742-06	28	49
4040	1.79	2026-03-07 13:31:10.037296-06	29	49
4041	5.69	2026-03-07 13:31:10.03994-06	30	49
4042	1.69	2026-03-07 13:31:10.040946-06	31	49
4043	4.89	2026-03-07 13:31:10.041945-06	41	49
4044	2.89	2026-03-07 13:31:10.042945-06	32	49
4045	4.29	2026-03-07 13:31:10.043945-06	33	49
4046	0.69	2026-03-07 13:31:10.044945-06	1	50
4047	2.79	2026-03-07 13:31:10.044945-06	2	50
4048	4.69	2026-03-07 13:31:10.047746-06	34	50
4049	1.99	2026-03-07 13:31:10.048765-06	3	50
4050	1.69	2026-03-07 13:31:10.050014-06	4	50
4051	1.79	2026-03-07 13:31:10.051118-06	5	50
4052	3.59	2026-03-07 13:31:10.052769-06	6	50
4053	3.99	2026-03-07 13:31:10.055643-06	7	50
4054	1.19	2026-03-07 13:31:10.056642-06	8	50
4055	2.59	2026-03-07 13:31:10.057642-06	9	50
4056	0.69	2026-03-07 13:31:10.058641-06	10	50
4057	2.69	2026-03-07 13:31:10.060489-06	11	50
4058	1.59	2026-03-07 13:31:10.061497-06	12	50
4059	0.89	2026-03-07 13:31:10.062495-06	13	50
4060	2.09	2026-03-07 13:31:10.063495-06	35	50
4061	2.09	2026-03-07 13:31:10.064496-06	36	50
4062	2.19	2026-03-07 13:31:10.064496-06	14	50
4063	1.39	2026-03-07 13:31:10.066527-06	15	50
4064	0.79	2026-03-07 13:31:10.067533-06	16	50
4065	2.29	2026-03-07 13:31:10.068531-06	17	50
4066	2.19	2026-03-07 13:31:10.069532-06	18	50
4067	3.79	2026-03-07 13:31:10.071283-06	19	50
4068	3.49	2026-03-07 13:31:10.073661-06	37	50
4069	3.59	2026-03-07 13:31:10.074476-06	20	50
4070	2.19	2026-03-07 13:31:10.075603-06	21	50
4071	1.89	2026-03-07 13:31:10.076639-06	38	50
4072	1.49	2026-03-07 13:31:10.077615-06	22	50
4073	0.59	2026-03-07 13:31:10.078614-06	23	50
4074	0.99	2026-03-07 13:31:10.079614-06	24	50
4075	5.09	2026-03-07 13:31:10.081358-06	25	50
4076	6.09	2026-03-07 13:31:10.082358-06	39	50
4077	7.09	2026-03-07 13:31:10.083384-06	40	50
4078	1.29	2026-03-07 13:31:10.084379-06	26	50
4079	1.29	2026-03-07 13:31:10.084379-06	27	50
4080	1.39	2026-03-07 13:31:10.085385-06	28	50
4081	1.39	2026-03-07 13:31:10.088185-06	29	50
4082	4.69	2026-03-07 13:31:10.089691-06	30	50
4083	1.49	2026-03-07 13:31:10.090723-06	31	50
4084	3.99	2026-03-07 13:31:10.092521-06	41	50
4085	2.59	2026-03-07 13:31:10.093943-06	32	50
4086	3.89	2026-03-07 13:31:10.093943-06	33	50
\.


--
-- Data for Name: api_userlocation; Type: TABLE DATA; Schema: public; Owner: postgres
--

COPY public.api_userlocation (id, latitude, longitude, created_at) FROM stdin;
\.


--
-- Data for Name: auth_group; Type: TABLE DATA; Schema: public; Owner: postgres
--

COPY public.auth_group (id, name) FROM stdin;
\.


--
-- Data for Name: django_content_type; Type: TABLE DATA; Schema: public; Owner: postgres
--

COPY public.django_content_type (id, app_label, model) FROM stdin;
1	admin	logentry
2	auth	permission
3	auth	group
4	auth	user
5	contenttypes	contenttype
6	sessions	session
7	api	store
8	api	product
9	api	pricehistory
10	api	userlocation
\.


--
-- Data for Name: auth_permission; Type: TABLE DATA; Schema: public; Owner: postgres
--

COPY public.auth_permission (id, name, content_type_id, codename) FROM stdin;
1	Can add log entry	1	add_logentry
2	Can change log entry	1	change_logentry
3	Can delete log entry	1	delete_logentry
4	Can view log entry	1	view_logentry
5	Can add permission	2	add_permission
6	Can change permission	2	change_permission
7	Can delete permission	2	delete_permission
8	Can view permission	2	view_permission
9	Can add group	3	add_group
10	Can change group	3	change_group
11	Can delete group	3	delete_group
12	Can view group	3	view_group
13	Can add user	4	add_user
14	Can change user	4	change_user
15	Can delete user	4	delete_user
16	Can view user	4	view_user
17	Can add content type	5	add_contenttype
18	Can change content type	5	change_contenttype
19	Can delete content type	5	delete_contenttype
20	Can view content type	5	view_contenttype
21	Can add session	6	add_session
22	Can change session	6	change_session
23	Can delete session	6	delete_session
24	Can view session	6	view_session
25	Can add store	7	add_store
26	Can change store	7	change_store
27	Can delete store	7	delete_store
28	Can view store	7	view_store
29	Can add product	8	add_product
30	Can change product	8	change_product
31	Can delete product	8	delete_product
32	Can view product	8	view_product
33	Can add price history	9	add_pricehistory
34	Can change price history	9	change_pricehistory
35	Can delete price history	9	delete_pricehistory
36	Can view price history	9	view_pricehistory
37	Can add user location	10	add_userlocation
38	Can change user location	10	change_userlocation
39	Can delete user location	10	delete_userlocation
40	Can view user location	10	view_userlocation
\.


--
-- Data for Name: auth_group_permissions; Type: TABLE DATA; Schema: public; Owner: postgres
--

COPY public.auth_group_permissions (id, group_id, permission_id) FROM stdin;
\.


--
-- Data for Name: auth_user; Type: TABLE DATA; Schema: public; Owner: postgres
--

COPY public.auth_user (id, password, last_login, is_superuser, username, first_name, last_name, email, is_staff, is_active, date_joined) FROM stdin;
1	pbkdf2_sha256$1000000$YV5CLOTdf9171N67VFIJGb$7DgtqNBBscK+X3WMYI32p5TOVuzlwByZ33RYr29ZICA=	2026-03-15 16:16:25.056262-05	t	ivan			imoran2487@gmail.com	t	t	2026-03-15 16:15:54.867338-05
2	pbkdf2_sha256$1000000$GyrPkyBkd0F54bDISJGAHf$uhWjAobp39FzKaMhykhHPHfMwKvZdpblw+YHxdYjrC0=	2026-04-05 11:45:00.072979-05	t	imoran			imoran2487@gmail.com	t	t	2026-04-05 11:44:31.604297-05
\.


--
-- Data for Name: auth_user_groups; Type: TABLE DATA; Schema: public; Owner: postgres
--

COPY public.auth_user_groups (id, user_id, group_id) FROM stdin;
\.


--
-- Data for Name: auth_user_user_permissions; Type: TABLE DATA; Schema: public; Owner: postgres
--

COPY public.auth_user_user_permissions (id, user_id, permission_id) FROM stdin;
\.


--
-- Data for Name: django_admin_log; Type: TABLE DATA; Schema: public; Owner: postgres
--

COPY public.django_admin_log (id, action_time, object_id, object_repr, action_flag, change_message, content_type_id, user_id) FROM stdin;
\.


--
-- Data for Name: django_migrations; Type: TABLE DATA; Schema: public; Owner: postgres
--

COPY public.django_migrations (id, app, name, applied) FROM stdin;
1	contenttypes	0001_initial	2026-02-15 16:50:14.037566-06
2	auth	0001_initial	2026-02-15 16:50:14.166683-06
3	admin	0001_initial	2026-02-15 16:50:14.18887-06
4	admin	0002_logentry_remove_auto_add	2026-02-15 16:50:14.193223-06
5	admin	0003_logentry_add_action_flag_choices	2026-02-15 16:50:14.193223-06
6	api	0001_initial	2026-02-15 16:50:14.209945-06
7	api	0002_alter_product_price	2026-02-15 16:50:14.224701-06
8	contenttypes	0002_remove_content_type_name	2026-02-15 16:50:14.24248-06
9	auth	0002_alter_permission_name_max_length	2026-02-15 16:50:14.253863-06
10	auth	0003_alter_user_email_max_length	2026-02-15 16:50:14.25866-06
11	auth	0004_alter_user_username_opts	2026-02-15 16:50:14.266624-06
12	auth	0005_alter_user_last_login_null	2026-02-15 16:50:14.273662-06
13	auth	0006_require_contenttypes_0002	2026-02-15 16:50:14.273662-06
14	auth	0007_alter_validators_add_error_messages	2026-02-15 16:50:14.280795-06
15	auth	0008_alter_user_username_max_length	2026-02-15 16:50:14.289257-06
16	auth	0009_alter_user_last_name_max_length	2026-02-15 16:50:14.289257-06
17	auth	0010_alter_group_name_max_length	2026-02-15 16:50:14.307716-06
18	auth	0011_update_proxy_permissions	2026-02-15 16:50:14.313384-06
19	auth	0012_alter_user_first_name_max_length	2026-02-15 16:50:14.320922-06
20	sessions	0001_initial	2026-02-15 16:50:14.329428-06
21	api	0003_store_remove_product_price_product_product_id_and_more	2026-02-16 09:11:37.596924-06
22	api	0004_alter_product_product_id_alter_store_location_and_more	2026-02-16 13:06:20.513547-06
23	api	0005_alter_product_name	2026-02-16 13:07:01.508704-06
24	api	0006_product_unit	2026-02-16 15:12:30.949045-06
25	api	0007_store_latitude_store_longitude	2026-02-22 14:56:49.078772-06
26	api	0008_remove_store_latitude_remove_store_longitude	2026-02-22 14:56:49.104992-06
27	api	0009_store_latitude_store_longitude	2026-02-22 14:56:49.139477-06
28	api	0010_alter_store_latitude_alter_store_longitude	2026-02-22 14:56:49.15194-06
29	api	0011_userlocation_product_image	2026-03-15 16:12:16.453355-05
\.


--
-- Data for Name: django_session; Type: TABLE DATA; Schema: public; Owner: postgres
--

COPY public.django_session (session_key, session_data, expire_date) FROM stdin;
9b4hwk3bf4ba89yq1ycu0ti8ca1qa3jb	.eJxVjEEOwiAURO_C2pDCB0pduvcMDX_4kaqhSWlXxrtrky50O--9eakxbWsZtybLOGV1VkadfjdOeEjdQb6neps15rouE-td0Qdt-jpneV4O9--gpFa-teuIwgBjhcl1Q-wyvCCCgw89W5OsE5eJIoIQsfem52gdAdZDAPX-AMabN5E:1w1soz:ybeLJaMmmw0REBINSdedJ2xbh69EKzV3WmbVKYnMxXk	2026-03-29 16:16:25.067262-05
s5j0lvio2n7gqm41slvepdn078i9s69b	.eJxVjMsOwiAQAP-FsyGULSz16N1vILs8pGpKUtqT8d-VpAe9zkzmJTztW_F7S6ufozgLLU6_jCk80tJFvNNyqzLUZVtnlj2Rh23yWmN6Xo72b1Colb6FIQUTwQVGtOA0ISEoHLRxAGOwSGlCAMNa5a-0SjPnkGFiRziN4v0BvdY3FQ:1w9Qaq:L4K-vaeEKEHbsBsco9eKw7qbajl1xHSXzXc3pDfuTO4	2026-04-19 11:45:00.085029-05
\.


--
-- Data for Name: spatial_ref_sys; Type: TABLE DATA; Schema: public; Owner: postgres
--

COPY public.spatial_ref_sys (srid, auth_name, auth_srid, srtext, proj4text) FROM stdin;
\.


--
-- Name: api_pricehistory_id_seq; Type: SEQUENCE SET; Schema: public; Owner: postgres
--

SELECT pg_catalog.setval('public.api_pricehistory_id_seq', 4086, true);


--
-- Name: api_product_id_seq; Type: SEQUENCE SET; Schema: public; Owner: postgres
--

SELECT pg_catalog.setval('public.api_product_id_seq', 58, true);


--
-- Name: api_store_id_seq; Type: SEQUENCE SET; Schema: public; Owner: postgres
--

SELECT pg_catalog.setval('public.api_store_id_seq', 51, true);


--
-- Name: api_userlocation_id_seq; Type: SEQUENCE SET; Schema: public; Owner: postgres
--

SELECT pg_catalog.setval('public.api_userlocation_id_seq', 1, false);


--
-- Name: auth_group_id_seq; Type: SEQUENCE SET; Schema: public; Owner: postgres
--

SELECT pg_catalog.setval('public.auth_group_id_seq', 1, false);


--
-- Name: auth_group_permissions_id_seq; Type: SEQUENCE SET; Schema: public; Owner: postgres
--

SELECT pg_catalog.setval('public.auth_group_permissions_id_seq', 1, false);


--
-- Name: auth_permission_id_seq; Type: SEQUENCE SET; Schema: public; Owner: postgres
--

SELECT pg_catalog.setval('public.auth_permission_id_seq', 40, true);


--
-- Name: auth_user_groups_id_seq; Type: SEQUENCE SET; Schema: public; Owner: postgres
--

SELECT pg_catalog.setval('public.auth_user_groups_id_seq', 1, false);


--
-- Name: auth_user_id_seq; Type: SEQUENCE SET; Schema: public; Owner: postgres
--

SELECT pg_catalog.setval('public.auth_user_id_seq', 2, true);


--
-- Name: auth_user_user_permissions_id_seq; Type: SEQUENCE SET; Schema: public; Owner: postgres
--

SELECT pg_catalog.setval('public.auth_user_user_permissions_id_seq', 1, false);


--
-- Name: django_admin_log_id_seq; Type: SEQUENCE SET; Schema: public; Owner: postgres
--

SELECT pg_catalog.setval('public.django_admin_log_id_seq', 1, false);


--
-- Name: django_content_type_id_seq; Type: SEQUENCE SET; Schema: public; Owner: postgres
--

SELECT pg_catalog.setval('public.django_content_type_id_seq', 10, true);


--
-- Name: django_migrations_id_seq; Type: SEQUENCE SET; Schema: public; Owner: postgres
--

SELECT pg_catalog.setval('public.django_migrations_id_seq', 29, true);


--
-- PostgreSQL database dump complete
--

\unrestrict WdVoKrdl2pQ0ept4Y4aZrdP9c6u3SXjrFXKgiPlgMgzIyXXAjDzE1wJvuu71Z6A

